Class,MKI67,TOP2A,CDK1,BIRC5,CCNB1,TPX2,AURKA,CDH1,FOXO3,GATA3,ERBB4,ESR1,ARID1A,RHOA,Prot_0,Prot_1,Prot_2,Prot_3,Prot_4,Prot_5,Prot_6,Prot_7,Prot_8,Prot_9,Prot_10,Prot_11,Prot_12,Prot_13,Prot_14,Prot_15
Aggressive,16.691062954189693,11.689727864549727,9.60660419440387,8.257081781280634,9.041676348747323,10.13186635095167,12.753092904222163,11.500056131024635,9.39663061929579,10.674793246522782,8.247122265234417,9.408894236271792,11.341447911349656,7.096863926163138,11.815070241924987,9.600158883385463,9.192145896434548,10.902688414281377,9.830352506559391,13.163152642351871,10.57880633289277,9.276146430022655,8.325389981099452,9.985143343306104,8.919303437047333,8.90103420325217,12.403878814017904,10.33026310658397,9.06049084800171,9.921586102484657
Aggressive,10.215122419606203,9.683947648075812,10.431697442747076,8.25874417115434,10.061827989459708,11.747622872904762,10.441241716510035,9.05399066836209,9.259507255089735,9.69445406686602,9.712207656043319,9.0981152040131,10.387238997629524,8.297253540630287,7.216291394635737,12.395344524046997,10.13925935005251,9.564094651271231,8.210386241772458,10.189997608327273,10.902412085168972,9.761987801840895,7.78367280356388,11.577774744055688,11.148184301770376,11.279603436129689,12.873502294739199,9.222514914682092,11.555800023878106,8.106347919990766
Aggressive,13.423520121134814,13.265439067769506,8.467286092439668,11.361886608087008,8.796231517644696,12.418519156949866,12.716802544567262,8.818276791497734,8.06882194136693,7.536400662601934,11.84748115989554,11.60656358892734,9.483677163564337,8.91960649012258,8.963308692999002,8.49003570198274,9.788559207451021,10.847385358891138,9.60695513881813,9.924582951252269,12.936130022748833,8.785668253885614,11.199708886361417,8.034612243595936,10.516161719171823,10.9229671535777,11.063087124202989,9.95191292113644,11.628829233453878,9.163196088460015
Aggressive,13.336142093540793,20.304984895938095,6.161895929354729,8.679157461716468,10.35102927611914,10.49589765739687,16.53553742664137,9.684848795048485,9.39277185001317,10.171377125091585,12.976260210909022,9.675494281385813,9.648114514163872,11.38529855356736,9.52570585376319,7.966505336043453,10.817878270255635,12.536015644608767,10.966101463891695,10.310161843764089,10.935481138677998,9.32218970671974,10.02104612815646,9.754706675544254,11.32683459458924,9.340542403653055,7.961311190002171,10.473714810843033,10.335758533822178,9.918974691647797
Aggressive,15.06980045599748,13.96317263805867,14.787407656114418,10.141735893852792,10.03975614925276,10.24520301714209,11.87803053083287,8.868181398379546,9.006584271547748,7.842114702594843,9.034289436679606,7.7121361040723695,9.894930580358992,9.534815548804104,8.377919043308632,10.90141876647469,7.428254946914586,8.519504733580112,11.018704307364843,9.438951954575364,10.79367905353463,7.137688138583721,10.898228090954573,10.416208758388699,11.620205140565039,9.155345060307264,8.839230390912894,10.356223505424895,8.834881439448148,7.600645069377871
Aggressive,12.293079191189337,14.113731870568804,8.361369819996352,9.6777314118677,9.181814058207031,10.838769681857125,18.82034419335848,10.801446726364953,8.660011968430322,9.57438664598759,10.39674520398006,9.417977663805042,11.511928968123025,10.620758441123769,7.335223915973657,8.825916377510268,11.116703958180997,9.193066207613589,7.98482130763562,12.324807237263276,10.592093143374372,10.11502046588715,9.834660074232465,11.821977354140918,10.367992773122936,10.361047778037422,7.265266637045067,9.101655494821157,7.604120287387584,9.922994551808863
Aggressive,17.568357569044892,9.986803644312731,11.44451439044917,9.928115559260775,8.990998316469822,11.024922048097341,14.052767884179943,11.537390542870062,11.850113012153315,9.142548140843754,10.951490785304149,12.657511400560098,9.550698891045194,9.372397487102603,7.545100377906301,8.092856039203078,9.293864205044537,7.880468863984931,11.261947857868702,11.698330749393788,9.577931480404642,7.725897632303042,7.006143894782516,12.978388241491476,10.521858406173559,6.55368464837675,7.92322796247265,12.727400741728196,9.844620634872198,10.16712851154373
Aggressive,16.78448583446023,13.723094999502297,8.297992579631046,10.262008589086692,11.725749884268874,11.190461537828337,13.714610870707167,11.958871942252742,12.421140510302877,10.877570036606603,12.047199108410595,11.05085436341322,11.323877447841909,9.836781305040642,10.461756764086621,9.245048974120806,8.60728770499749,7.142199611289783,9.8973474176608,10.676454313943966,12.49677332217248,9.7807161513455,8.1992501580581,10.010773858630076,11.529468894398548,9.896809959619219,8.423356034464483,8.05317320000238,9.71687474429149,12.385720497397376
Aggressive,13.938909478181792,16.41854232019829,9.903764125701946,10.922203540411019,8.848322559366446,8.621779749361085,10.05256566305312,6.789738428470503,9.206276004139843,9.387336171029984,10.123072032298262,10.46238198860077,9.52356406235267,12.679428034617748,11.628608909006186,12.394949639375572,8.341429524484814,7.34004219411392,10.745584199675173,13.756392911577393,9.54276682585,9.559942614300839,8.294901689341426,10.129380977272408,10.510188594384584,9.169030232057736,11.878051285582655,8.336302460427216,9.857031465391104,8.951224678037693
Aggressive,17.45452469039915,14.818191367600498,7.977200925761069,10.998987791617632,10.524188076303284,8.316427661339304,14.393014045469876,7.911081262265027,11.039412274404508,11.143584150964298,7.839286758048309,7.225503738193511,9.026832237067422,8.173823950022998,9.180951147911895,12.143752677847955,10.073007356015438,9.916256676796399,9.08749259833215,9.435530312440394,8.329872827360525,11.201610344823283,10.043915451744752,10.665554512984613,9.83777540002703,11.138464143057103,10.576241822858211,12.138778296582311,10.227884291827246,11.318555440130643
Aggressive,14.79126866464314,16.58748468625847,8.194485315065764,10.426367550500645,12.000302005734913,10.499363385741338,12.118118201353399,10.966419513146791,9.35010558152015,9.747185162209933,9.83878366010678,8.515524509899457,11.56545187153244,9.665759536028759,9.529789037145534,10.746402852554835,7.881348502268464,9.821206547411721,11.192097555988042,7.9420335712525505,8.320201059461565,11.038319777149436,11.078351232002646,10.013382273081275,11.88533965882232,10.250026178742418,8.845234684131608,12.03181830003344,10.536286163056154,10.462745098991709
Aggressive,13.223307655809009,12.687710412370185,6.8721944913585356,8.946407065718278,11.232650328089038,8.221388289186148,11.08513054959053,11.045596889024518,9.813019090497068,10.61187670349131,10.659942376239586,8.133694299249772,11.584806255563947,10.34605593450782,6.380994210846263,9.226678215624865,11.022838543006857,10.123254611213206,10.344104076614437,12.475454347400232,6.9635024646671955,13.508482387712121,10.237296182098774,9.65338935835483,7.772564148607823,11.610050358053027,8.748012967715178,10.572094364441675,11.665221080490058,8.661215105327042
Aggressive,9.5563083581477,17.84150081504004,10.35346122965617,10.038168158681104,11.30873097958376,11.13454831592986,16.011768722960184,9.79936628629234,11.055099748088429,9.808802377127908,10.86995867121075,7.487486175114683,8.009630058025692,11.326713373811014,10.626270507078148,10.622135942689676,8.948403340036526,11.261115071489279,8.566603027006543,11.030858560667482,8.46542976129829,14.06898772347221,9.60098783238679,9.193247195514143,10.419484252042697,6.833172626036683,10.502611826969067,7.899234515502947,12.30517858175116,11.070936186426636
Aggressive,13.182703697197024,13.661657281859561,9.880470113971038,13.14562102620377,10.532316586134515,7.8970010164516875,12.2377709666665,10.354136201660939,11.396948497463837,9.558314103424605,10.289931893950204,11.204460466108142,7.660584211136822,10.786596462452195,8.415584235183815,9.784311090986321,9.412669156992276,10.45425992845699,11.160962940846797,11.215576535955663,7.848195207804459,10.246531160207848,9.51152209226997,10.762443335261265,10.213072075329341,10.66241289858053,12.924593019309588,11.29472961921456,8.058436299386452,9.13946926253394
Aggressive,10.432166039985871,14.979903156036393,10.111163036048717,11.24640065800615,6.998568394045435,10.002470000124983,13.417454243469106,11.252795725344813,10.510519663527145,12.299950822732121,9.778847449402697,9.945053438139963,10.430923156113654,9.702235275085982,8.083298407581662,13.92319900704152,10.240385000585368,7.120906357518457,11.29180927564796,11.456437734994653,9.648213158594297,9.849310827667118,6.88086601179266,10.770946321114838,8.391214219311458,12.41176951170868,8.138059727993014,10.010927440827611,9.452870592824242,11.465221269344157
Aggressive,16.70180753144943,14.524576884064132,10.848027167596204,10.219060791845882,10.26316783379151,12.474629221632213,15.200627568805093,10.492138616861409,11.19881391928024,10.937440117464087,8.963911060967266,12.491168464027346,8.551328010361779,6.693034487736695,9.989938999691029,7.804786873764754,10.735698834253782,9.669326122115939,9.704716744716535,9.180038279190056,10.300698524774088,11.540565934906898,9.963873515668118,10.946955631860867,7.5038042277848245,7.400098576635314,9.13876258362078,11.228208780661483,11.257333783664958,11.253545617676979
Aggressive,11.61851054183898,15.551819115111677,10.878031237567454,6.956022858036619,10.115180371972942,12.097221810149849,11.971696695212923,11.279940827215333,10.562520105707256,8.430273089702563,6.695082612872776,7.684952952576815,8.01712397721954,10.87879087770953,9.33247739013673,11.234430224684813,11.41029868956131,10.195904896735579,9.72541708404692,9.742130369560831,8.84453530420182,10.329356964663242,11.643818631646624,8.699276985000138,10.458349224235093,11.723535352697805,11.476765752973012,9.97364035645298,5.1940419527959705,11.492928289947569
Aggressive,14.741105336052449,15.700224774173156,11.086450795524511,10.814315225624146,10.66448890114023,8.336949439709572,15.111110406028764,8.896266171760443,10.965008100398794,10.240680064717727,9.40279899774616,10.098658317162766,12.764487651170366,8.647036871073354,11.806780871047087,10.595431950472149,8.17546544840938,8.833629163001763,10.173407982554538,9.484591429079694,10.53541307609497,8.170569221212892,11.179319951414833,9.522478745036498,10.700321268507691,10.338040368348725,9.453753744247239,13.023709868767343,11.272121284373851,11.839852454934856
Aggressive,13.923363578700815,15.093936618586104,7.304324171071305,9.881952319912726,11.411399131838078,8.536231835061665,9.648817674810957,10.737349554238204,12.061646034986136,11.34328806464124,11.13529363198093,8.441945102310138,12.09168682510272,10.37696721047224,10.944181392771185,8.93446266962618,11.631499308936817,8.05436546430912,8.949262900046689,8.710605072287686,13.354029949188341,12.781385649743642,10.55465665146311,11.91574123318582,8.989888108346157,9.326547238093134,8.37071477767674,8.608621637845879,10.428221105935803,10.796251367444636
Aggressive,10.718852759444584,14.455396703463315,11.757389161534997,11.175532939155461,10.26389347251644,9.464261111925289,14.625136717013557,12.016005142399067,8.904260523570983,10.01131535852649,10.803467138141857,9.049100173558308,9.986221289798495,10.029368333993931,9.467219503647723,11.94185632295546,10.920438646142138,9.192395005867116,8.48501964785877,13.305465205043323,9.094545540193655,8.60463219042835,8.55652524830224,9.66320181911081,9.423846907394868,9.132234273256907,11.259275534513753,7.946311795458872,10.859105866637371,10.39531681960563
Aggressive,13.503451753835579,12.005441700857373,10.375889608425487,10.179708825715052,9.477741498374478,8.690101551626798,13.99725741661328,11.005514338131956,10.74417686149126,8.677557620187168,11.487503245151757,12.187831998594774,10.477108430459122,11.85919746308326,6.159845773513833,9.231871320271004,11.055264854420745,9.146464969929795,7.598598970742406,8.52715999070051,8.81700387381871,10.357905863956928,8.470497028109602,10.101917349501914,9.524125827463001,9.942750998636747,9.288180856347514,5.39164465558036,9.706423325124842,11.012922336100404
Aggressive,13.584332725444138,13.023244481456018,11.756767101049464,7.192471632140888,9.712803524940709,7.875161797071073,14.493709419527212,11.825937386361538,10.409107851219565,10.658003607898177,7.468415396388233,10.675570065063676,9.843518012259869,9.06623340336078,7.61786816142413,9.270752405696,10.519079877612997,9.943892971885111,10.057527419192255,11.29670273794361,10.212061365489067,8.515055553431152,9.849376804437096,12.729501030477609,10.310350767371915,11.511639191826117,9.451729657766167,12.346517846203582,13.793044540853186,12.140238385138593
Aggressive,15.300049448616752,11.932548979543103,8.096356747360332,9.639250564500953,8.756020316106888,8.68231824671444,14.531763247325877,9.446332276737966,10.625401115604966,11.497677798892093,8.763817990443393,9.22686131097941,12.218313932961268,12.841596074297051,8.02345456753655,8.849337902865921,13.21606245493412,9.966516350979,11.647433439248445,9.612025742066734,13.087099842270295,9.429980865796555,10.010993924707876,8.85150175451339,11.672553607399703,6.828755668481518,10.874115053833245,8.94945685344238,8.630421787159403,10.407762446174472
Aggressive,17.190190368675097,15.156400779922446,9.211585310657508,7.663633555856489,10.274516450911058,9.473065079381305,18.065835765451812,7.9071475923449395,9.485273853443328,10.178484224234081,12.16614226301289,10.508409333058719,9.691743447110683,12.513371946327592,10.25042049590134,11.942086175627947,8.155116173446338,11.553180740007653,9.462654530288944,11.613056463517875,9.1764576556523,9.154888096583695,11.768263765108431,9.62421072759819,8.564491631639955,10.873360506570709,10.287613639187699,9.931994619438152,10.030321498084643,10.811963828031653
Aggressive,14.805679557474143,9.082188849864005,9.964946535818598,9.679745677657424,9.874523360661467,9.278557833930178,12.764023923044714,8.553560047807999,9.743966372456502,7.918327762800269,7.327332162918042,10.710408540814129,11.604687599812689,8.455216941444322,11.7431147935801,8.52877169066582,11.98791307387996,9.017262503720078,12.220612506232264,10.264921079814041,10.750342273196562,10.842030398157966,8.66532379647299,10.146476180208087,10.079908308743528,11.727861430765582,10.760407360671827,10.942894310876909,9.866167346158152,8.240086941630153
Aggressive,10.428854470558349,15.615004903532432,7.6335235146912,8.782374528279849,10.523618201846208,11.23667764420273,14.216970086397058,9.691618834818847,11.410390456602546,11.053678853065449,9.790260427072814,9.481301244716468,11.08585261609969,11.013877882757903,9.855013516998945,7.8810326810196045,9.945384245041387,10.277620526792424,7.169471570619505,11.53680891295012,10.277490241407557,11.1404675753079,8.339404195455362,8.615891636166037,10.95200731228284,10.124237395413576,10.307233765108611,11.317643460138724,10.68152686478332,10.996527489684485
Aggressive,13.008077536073271,10.537577754349378,7.855770923666778,8.339964756252511,10.776190494746713,11.945026038684492,11.189990557582654,6.954280397969569,8.301809658246976,10.419239386762936,10.675862478250723,10.995434175677184,11.264799840312536,8.011272380166895,12.839664296217881,8.468648050229408,7.995758612864692,12.841283545330201,5.912578564335144,11.053393179694686,5.873668302604154,12.191904214785506,9.314493192291776,11.6888049385643,9.457660141724746,12.45107402435006,9.88542482206416,10.395366587850482,9.982580300457192,8.172164788227358
Aggressive,15.720499550578584,14.237868120352717,9.08795047861776,9.510867416736737,10.656472903849524,8.222563657873724,11.778478365959451,10.36797966725971,12.269201377169194,8.577844858359127,9.11330197655782,11.970165041754024,8.814684402747869,10.552587382056009,9.861557542266015,9.941922168197436,7.305033573933949,10.638464055581426,13.152361117067915,10.157292234698362,10.140873932606867,9.25145166380011,8.444284765263534,9.872309647908033,9.235525745279048,9.30494471579105,8.805375468003698,8.970605079713874,8.470033797676193,11.92128015215395
Aggressive,13.623898813985964,13.69114353452092,9.92277297838614,9.967579263039552,8.003986128327005,11.702813289286466,12.266523148753315,7.445473641543512,7.115308610129154,8.2050041790052,10.56924145555847,8.409795995664773,10.298425348220743,12.032057202091705,8.064144626997145,9.658940815111377,11.51872048114923,10.222475933860077,8.638153345490181,8.84605200243368,8.351337839008384,11.559997594773442,9.312150653246116,12.897705622345596,12.095135259903863,10.882143461335628,10.674562906916039,10.57756057847786,10.13988952800788,10.528589557241443
Aggressive,15.034887523961812,11.398866076334414,9.543868168429425,10.278301969071613,9.116031179939872,10.440502527796601,14.848482757985145,9.767283456253722,6.95557294389842,11.984308030985868,10.383825772926379,8.618777518682487,11.453879758200063,10.142734240803088,11.01761893188997,7.778407775016181,10.709628775047516,8.00765609010387,10.036159311839645,9.15706455867132,10.816388363797733,9.979419471450985,8.829151867416263,9.056805508180489,10.163523632999157,10.674694716717152,9.818628571979488,10.837993006106235,9.385531479229396,10.42104425041036
Aggressive,15.344135794759012,12.031170407224408,8.98040088476034,10.764823499942267,8.463817378304656,9.12949204152463,15.827826747644858,10.492086212482421,11.173354944193473,9.140648741288418,11.761559556828331,9.340168936992121,10.838605868235916,9.782293129134127,11.96401556691626,10.587826595314848,7.731800924902789,9.415591625269112,9.51818518916026,7.992872069332856,7.683172736866855,10.468102077837443,9.665714135411122,13.681095075480027,10.506429696008011,8.214081496129156,8.676919919055944,10.32645362517306,9.393927281519879,10.988448545968328
Aggressive,13.955543884072695,13.245763032988581,10.659586506213179,11.350898361909731,11.669824263077448,12.26225696613453,13.479321272792138,9.633913882702789,9.941059090672155,11.72041350028817,9.928529656742246,8.62801467936283,8.630995030838186,10.779973701910253,10.081084933470466,11.67385955147885,9.753980098101408,10.096517330684964,8.171737388625795,11.828089920532715,10.288014319168374,10.012769110250655,11.049302289416683,10.256573283889033,7.200706188321274,8.488852903957785,10.578597362730807,8.586469657354243,9.56015940943119,10.046656283552856
Aggressive,16.13564953659545,15.350665620825984,8.218835090016,9.900848493905443,8.884994300432249,9.599840330722099,17.212194916927963,9.421431113911964,11.737570077862522,10.28478398372575,7.084289872556042,7.808861820675517,10.163864295143455,9.380121155970514,9.796639397917735,9.563020064518444,9.180192125103575,7.567700327563777,11.362587142783996,10.338014377439167,7.900505962844994,10.794147505545679,9.381707818137548,8.432442615747583,10.747796362060383,10.986060634165677,8.647459347879822,10.464546665576039,11.461356156276942,11.406926442691585
Aggressive,11.41437465741575,16.564812990094534,9.69066131842123,10.691059341990448,8.457643335153206,11.052557027944333,12.959584699542816,9.000159971667097,9.125143661005334,9.45654443310098,13.392214527928264,8.867604904619064,9.411500164567423,9.439081830527705,11.096782728416173,9.937837232089793,12.437687129047692,10.572941228201902,10.17393602945572,10.097247055719173,13.133782095288346,10.86380543809521,10.220117420739049,8.641193372499956,10.644307404700905,9.263390919155285,10.644787365147124,6.990580049587176,8.714540124799598,11.719427547808
Aggressive,12.818679587307736,10.37547170029972,10.901376613485008,8.795939927535914,9.845630029229026,8.816390128310363,14.451879872044005,8.175162963774268,7.82330165070106,10.847493009099194,12.708367058629731,9.219785950983194,8.880877490570462,10.578374663855403,10.175769862011144,8.812637276655295,10.909783284655811,9.20533801801979,9.205993295309154,8.818689691094958,10.095767042689424,10.162276290125865,8.05002142870852,9.211637670198382,10.525386125412945,9.880631676788061,12.694405388402014,11.69807407623859,9.415713867332205,12.327531967077284
Aggressive,18.924319763416534,13.86856162972845,7.372577167527542,10.11673672401191,10.03641352500714,9.721250340763053,14.77404401687841,10.423231589485875,9.814953369975607,10.012800351056574,8.408174426105784,9.523771210088835,8.7666818973853,10.045610900306594,7.437353809245663,10.163008644657726,10.471946897017437,10.103958174856709,10.923410921714868,7.674981188347647,9.18204789475077,9.53461756732061,7.613101576058293,10.503530708247695,11.787316613537255,10.20235507958898,8.799127935019559,8.41078506249388,11.7312915576173,8.014923930824104
Aggressive,14.918478391880292,14.54302121524659,9.60875536710404,9.656498778011501,9.06087258255254,8.765302335114187,12.635188600947274,11.192301399567409,9.292373771294994,10.233234211085762,9.02472600821795,13.214958034633296,9.557995212422272,8.713528948002565,10.611105488903043,9.611945191734613,8.61503560287557,11.254594120426828,10.234372802554653,10.392491681278502,9.12912956526651,13.12904716400953,9.822426400718781,9.676053284595758,8.60478881033875,11.816746109694185,9.268035021166002,9.257049127884558,10.729592264059132,8.3839619889329
Aggressive,16.67768984594315,14.868431725049533,7.518349257718991,10.70245845546491,11.263474658064478,12.54954770434075,11.389550032742791,10.774415666746451,12.153452957716445,9.576123670425751,9.553284411974962,8.292150852228538,8.672592072619821,11.300942479246277,9.017417855892965,9.989156342436688,8.819459012646949,10.523205890418616,11.055537705601282,9.81126573686316,9.32973704435896,12.15304275206997,7.831778383354065,7.86197355034327,10.631582056970249,10.52179261803316,10.462852445580237,10.64531750837221,10.483404995861038,10.762831123439456
Aggressive,12.247921705293969,12.730070518453864,8.752251259228087,9.986698647185966,10.997342928687901,10.183480986758436,15.619589201833334,9.99838964863982,9.631956394256926,10.268445703412215,10.684286843045232,11.528638119171298,8.206307602785749,10.841731042067389,10.073123132326621,9.551953828340647,11.232679234183975,12.724729167616662,10.906585409696884,10.140218460703545,9.472905699993227,8.966584155189482,8.537435175233602,11.148754797188,9.545744721780801,11.541991652386006,12.030257818621028,10.5538934770098,10.551266331558988,7.940422358776141
Aggressive,13.093382365337956,17.56798318709902,9.312529609549399,8.983860518472177,11.011108392866555,9.748816954036675,15.626805308814845,8.891375236692195,11.861933656853543,9.99104623859581,8.919901245706248,9.864870872575077,8.272838350376054,9.750656195447082,10.369821147167652,7.251327301992002,12.874927463944802,10.18021617345515,8.730376774973784,10.285053394431982,9.169704552275846,9.329142333955367,7.011473965386198,8.65538950768461,8.684077255816096,11.121955127374973,8.195126406735774,5.965194451527953,10.143025255766636,9.883087473851747
Aggressive,14.506815723706074,15.993214481794366,14.357504166610195,9.185317232782626,8.446423917078384,9.79421395622337,12.340867557495184,9.246239923091856,7.254357319396454,6.853091359796544,12.394043917598253,10.462772341059917,12.46794969262911,8.813813261437128,12.438204095137717,10.554348354188066,9.690230461388495,11.603516493731469,11.793174042261654,9.592982305425402,12.311661458306759,10.636098116184835,7.491947609771976,8.094632242099294,12.10563134417539,11.702441006357652,10.628376470637589,7.292208379856678,8.339619112934733,10.788545047628348
Aggressive,14.428053096722042,19.081251027020073,9.76405680271429,10.634696239213946,8.932331777172095,10.396439174801118,13.672633159622348,10.267778740496137,7.36333784671557,12.538471963470084,10.995968211457608,12.501245166318299,8.106974444881509,9.004650053193282,8.824763916236552,10.537606278295245,11.188775331586573,9.788952581971545,10.576761949776728,9.623554246304195,11.238517966676625,11.500978243365688,10.87579760666443,9.573810534753108,10.368117475413998,10.330751506798633,11.116994525785813,8.872930883722802,7.225665103967782,10.768705664986582
Aggressive,13.452116808660065,15.403845913249285,10.537259593926697,8.757957477086576,10.06025071852002,10.927648320063797,14.689971927443688,9.512633133122662,10.935452470334713,9.330163912602394,10.738515812528997,8.303891445806205,11.27924013721134,8.679945821190781,8.17081811966402,11.877188807875456,10.156898266481958,9.910307289008971,10.208373321955523,12.514187562796463,8.35887032197423,10.673009340572008,9.28300299814202,10.501513537258424,8.21865539832421,9.188408449436906,9.198623163187925,9.662785609479734,10.380852016842908,7.281775954057628
Aggressive,14.498366525348995,12.905427964777562,9.513240889790382,9.823117234695667,8.665561000293014,9.704637037107652,16.5226689130473,9.874272522477275,9.247136633708735,10.360516118782067,11.329691684849305,9.353346636613656,10.361097554702697,11.069734330896239,10.283743283357621,11.220058876023053,7.548581205390812,9.596818325252634,9.573576333952067,6.919855066569784,7.811448869850917,10.196476516880045,10.271994160829212,11.490318037429669,10.484833733915952,11.06491968241092,9.280221095845745,9.810835282606982,7.412124716127945,9.850969999123036
Aggressive,13.620785791228993,11.653248772852354,10.75164978231767,9.338225055614044,10.998286169156657,10.73908040243507,15.891808819936962,9.41707090437667,8.855218765639002,9.905723877575385,10.822086838612265,10.167531967804642,7.8223676361247705,10.911722564200176,9.011747815022359,6.651591241108283,8.557883042921354,7.6303493173509125,10.695463572517307,13.9772109695778,12.175649628862976,8.780619554246432,10.067938168202794,9.144214096001747,8.576844880894228,10.652570518327414,11.935117298562997,8.15221093266896,10.011025552292205,10.882466930898431
Aggressive,12.176486083841432,16.50646969544198,9.242541723776196,6.3055025494975725,10.683571673299696,6.45256240481109,12.47451932928195,10.733223421631449,10.267305913753354,9.556992641716812,8.759764598168978,8.44032919997657,10.89913662287355,9.52957226274781,8.277696215568971,11.770797221710781,9.836708162582838,8.295725635240228,10.301740038387035,11.176294117022962,9.228470993819387,9.381537525153192,10.004429630947664,8.73690980516105,8.802028028596956,8.937164293561612,8.348976597917805,9.555865342420637,6.571913991315901,8.386449011736985
Aggressive,12.450650151262089,15.610158143681977,13.445123700032529,8.77351317342515,8.582007339589442,7.798151225369336,15.288836596215733,9.801393608050633,11.622136311760597,7.932422692863554,8.429072558909166,11.264650807284259,11.907676780669702,9.882727710425243,11.624151931055703,11.695353271220583,9.113744615521608,11.063737454524007,10.487240148747338,11.090265603706843,9.847766591448172,10.178346282062336,10.826225974435394,9.463304100628216,10.267791606596255,9.45189679116413,12.88731395998097,12.219606805092106,8.578225835254768,12.290085026765452
Aggressive,11.681541187813794,13.462510581531024,12.08099346948071,10.201702254608167,6.625420319813859,10.085919428082498,13.452419893409086,10.931997959879675,11.080954766042215,10.930355036455467,11.247402710480372,8.49638876281724,9.388242770542814,10.61400855902256,7.953975002581255,11.63269252996568,10.083491881062919,9.318697497430323,10.093792528535682,11.011242031631971,9.354937500114923,9.784322751553615,12.697315367878616,12.08755155197203,11.146387877153154,12.64879570919323,9.38002308088974,9.992958085557229,8.058217599091638,11.490684838591257
Aggressive,14.894660976541271,11.930552710124111,9.515865501372673,13.055820166875154,10.296645903977202,10.277164967028876,15.87929437000819,11.183606085950032,10.370008467800002,11.293185407032064,10.68408266914468,8.694226417681346,11.082944388536308,10.455670229679809,8.27807605576358,9.812979270826606,7.446407769541915,11.181761129897861,8.490086759155654,9.381315750504253,9.503246968926888,9.404686632461638,10.48534285292259,9.683190425170757,12.221540181553156,8.647456816907006,9.917225153880743,9.928442081348283,9.668579746197784,8.861872949976323
Aggressive,11.960066623764583,15.126508190138452,7.3845835400733035,8.15046047245413,12.747199297146235,10.923579258646411,16.972311192123925,8.822127684778728,10.885706315390227,10.398167663897112,14.34179851089261,7.740201172253224,9.57459811343667,10.454654570981964,10.090137014676401,11.208758841735673,7.645372249740765,11.051460084438885,9.770575229165148,7.642236768941878,8.958240336273644,12.804206359386306,9.361843845363126,9.991623859805014,8.864904261039369,11.533367094528122,9.822813708534639,8.960965295624689,12.158920452432943,9.899812616186644
Aggressive,13.585004546717752,15.626399939880159,7.783994562106317,9.962130288045831,11.23503241126159,9.416182014229275,15.811643905118796,9.451109209383745,10.449187152501286,10.15592217887524,7.469601123050661,8.575141380640042,10.797935286893095,8.520987516444015,8.091432845705508,10.61601812714486,10.23180064243818,12.207249933383673,8.677107917383706,12.690193014354554,10.421123246411847,7.8488929193135295,9.773775390858443,6.592946698717973,9.314609541157873,6.965640246688,10.632077581470543,8.664257025603913,6.795134219596516,7.487435436704741
Aggressive,14.351120652680681,15.79789255622632,8.206127876943686,9.51989810875438,9.512409364397508,9.016563568645303,11.35457481513004,8.235613484972966,10.34303629290838,12.368198407877717,8.695280881398297,10.003880880986333,9.860357296215234,9.888796683252918,8.538271008890451,10.573356004433704,10.920711572253197,8.455689886165272,9.889291254550816,11.640735132571479,10.94314918900924,9.26498606661816,11.988046517032549,9.558785277717407,10.321177375489333,9.75331244365465,8.895281339348124,10.427937937103179,10.435517228852596,10.712772707900374
Aggressive,11.503045076250118,17.485998618977483,10.414024603479794,10.935928093164277,8.174327069737704,11.435906321006122,12.641081439274911,9.134075780240964,9.906154945839665,9.895296481888552,10.718721766470491,8.368305408999694,9.731484375929924,9.357586785581779,8.469116264063913,8.796324984864055,8.860292628439288,7.928105648150968,9.823921020674819,10.327195115306854,9.267646327427219,9.613751709777718,9.025336805131905,6.26892389503523,11.187681453929327,10.897254830576584,11.362250541628397,7.775475855584284,11.09699515695735,10.37253410912995
Aggressive,12.761658444146828,15.902154601113619,10.657087098918302,8.610682805032967,8.157865048157337,9.69302065424587,13.676153192048222,10.682044025039913,10.717847310662188,8.884760863863383,9.863077681089898,12.8458631118168,10.097777334086791,8.529845594081547,8.604183878350877,9.041395084730016,8.431178726664664,7.855402815089136,10.251125968176845,9.723113131528116,11.120633575387771,8.8403703372953,9.430105727999512,10.368496537387696,9.402917614233752,9.532379314844658,7.719748644422776,11.843496108731488,7.548675157536584,10.342295721863863
Aggressive,14.73964236328412,16.177096475542378,11.31929747180725,12.173960544105784,8.2540840886046,10.302606051449178,13.592019930856672,8.579935116946087,12.279446934170121,12.830247619565274,10.595254846049288,9.628022143215736,10.592563080418318,8.802307673507364,8.656515359234408,13.166261591023318,11.727763783544312,9.552151026571888,9.085737284048552,10.810080807379626,13.099223115827478,11.607255326810655,12.01820349037741,8.661416507629585,12.26485467869702,8.361223021706108,10.641130631778056,10.101106263755597,7.865305889450152,12.080375132520315
Aggressive,13.016382704935094,8.530068819468053,10.90576134604445,8.876886229019057,8.004063107008015,6.5078397571195765,15.693644844063028,8.377005676994116,7.666312665131539,12.540640966357666,8.660423476899675,8.4618539364698,10.515041119452885,11.661980491632999,9.744501310262235,10.189869402851617,9.461721719112033,9.004995346631828,8.163631996718495,12.300384693852212,9.699650625790218,12.301835064913071,8.569912268160106,11.27861734507571,13.996390376534597,11.178224973660159,5.745447869257395,8.989600346521229,8.41983499159565,9.632561729266792
Aggressive,12.74452733949656,14.552411364885321,11.150421326321894,10.443762466973839,10.202030669141376,9.139004575228412,10.860808216887214,10.226415626579042,9.188877028548939,11.81242676923306,10.86747769876009,9.63933582046655,9.196952360391023,12.485989180080079,9.261881801707112,11.656849048982668,13.160134029361487,8.885587525913452,13.53094314066257,11.131324622630574,9.889104124705991,11.443923017002758,9.662797540208821,8.907589856455097,13.506506894278893,9.487882756567215,10.90266384664509,8.02566718805014,8.750044363631329,9.041438738861984
Aggressive,13.08954009533281,12.497750941639161,9.218172898988115,10.165584867164453,9.219183855232744,6.907186771250275,13.828105808925223,10.757492557930437,13.264098074118184,9.249407586483926,8.684927987195088,8.100758897334394,9.279059923592452,9.130309271821947,8.628805110554604,12.248687686219503,8.425338163837763,10.568511595662173,9.636379413677473,8.547690831909922,7.784921726093417,9.829463299669529,11.110422599066846,10.954176035242057,9.842044687962417,10.723439773727353,10.233348113537657,8.807093280327189,10.23096702754124,10.083629271980309
Aggressive,12.992928126974046,13.576519521793205,8.44977880715955,9.740196020585994,11.703548654942978,10.706487475723996,13.886732046715286,10.138084523587667,8.404662292277672,8.710550867312461,10.262561717019047,5.956601727389344,12.114161719938355,9.497269747028906,8.352127459898725,10.424980063237081,10.148126263659444,6.718932227008824,12.2269795546834,9.813701971078004,9.720119877497616,10.062307911475328,12.325574904243702,11.63800543765613,10.892823635030565,11.49795829464222,14.60255794530319,9.722568647696068,9.942112616437132,9.133430394380536
Aggressive,13.997512801344566,10.808233884697074,12.477821149847294,9.236072676088092,8.30647950003316,10.492466253103101,13.368030785049672,11.734738713837329,9.749958908509727,9.893543697137432,10.906615373547496,13.420802006101066,11.626476241920344,7.1412416062552815,8.941432651420628,10.221860363860738,12.132040105919586,10.293721132496987,11.941008060752571,9.096580637457397,10.52322472971949,8.488245888074857,10.387335492608935,9.200657354165047,7.94111588032819,9.235461831273572,10.203594965696448,11.260496892065735,10.48299673036612,10.425364918642272
Aggressive,12.728776593798836,11.485453330915641,9.981139157011176,9.30831378084731,8.928232275879973,6.781739020284144,14.767305295353621,9.405337128520076,8.566470215372263,14.531571999265331,13.49671966564316,8.346549472993885,15.146218969619625,9.76732846247803,11.118773870018789,10.89987871030164,10.731431629586332,9.536648958550765,8.800304209943445,7.922531613756529,12.712806543352187,11.945184981505852,10.987861596679306,10.49300787146571,10.069263436893744,7.134706768061798,10.177235725457766,9.021682652139175,11.124657945843271,10.925984858921934
Aggressive,13.638801018988246,13.692986340572386,13.366260459728586,13.264719776461094,12.268111161407514,11.346298612368596,14.670941461323167,11.922800550805459,11.970812679591901,11.436252038539745,9.308782367099377,9.034879136740095,12.172830705054123,10.115369191755384,7.354269583277334,10.120149677864609,9.133463762703354,10.66456311977241,11.297133706611682,8.378102363790381,9.918748040162182,7.954599468619137,9.168976284233862,13.290180485683734,11.602654036463015,10.152618543388993,9.481598452526516,11.18395955907541,13.17663568490092,10.494561194155006
Aggressive,15.60174568327784,10.4836926401638,11.988031621202131,9.693204637023507,10.554038810381032,7.666334304479123,12.42736863609846,8.67074135035342,11.071080510770615,13.056453282967686,8.140519759197344,12.667263258164795,10.349239763118709,9.880251802698348,7.7352872149116205,8.400126323249781,10.821906972291728,11.163442285111934,9.434929441653594,10.594299372297689,9.3441368104656,8.718024685632377,11.388922879966938,9.378089948455926,8.228867375074723,10.562114953796842,9.0755363673346,9.304525030478308,10.547631025460117,10.493720447783152
Aggressive,11.658435713163238,13.069759453430613,10.172149925888434,10.174870386651595,8.8989147182627,9.191708133740109,15.95862311296943,9.210123172675853,5.205286675971698,10.191214490003013,10.493056644888398,10.159412866660931,10.570095738197718,11.157457765998117,13.468692151061218,13.896089492717502,9.867756952796773,13.099983668998876,10.999708186860042,9.798257112475323,11.56488024136937,8.862617748407805,9.042760543089434,9.4602218289062,10.76864398894806,6.03287107845698,9.818070555004335,8.914937505358994,10.898519649724633,9.635729736689106
Aggressive,16.86194715868868,13.197895986886223,7.357976562908066,10.00708350741258,10.983716880307824,8.977981611894695,14.544407359381754,6.199827499163836,12.794052115886487,7.304074208142988,9.883966700999247,11.253516407672933,10.359811112909577,12.856956461104092,10.755752603285696,8.803163517473932,9.539365105833152,10.413811582170165,7.29971751854994,9.96427754966319,9.762586437895315,12.149277541785045,9.960385491275007,9.353144982392676,9.01464133485553,8.668826762795115,9.247883385924668,12.440402742936413,7.715586132976031,12.692601011784797
Aggressive,13.771222138040862,15.867410858459294,11.128208318723216,6.9482320662477095,8.687939808400035,11.076672222393132,14.275171580407891,12.319616808799687,8.690710813394274,11.74325461887672,9.88393921637572,9.272631731033757,7.033389110747747,9.9739656555584,10.549356864528427,13.805208719079685,9.198377224289665,8.755708118376075,7.920475843835661,9.416391300147165,9.243983453070593,11.732814769137029,11.952360251905798,8.044010869094993,9.161051431602438,9.993375829025345,6.787288331266545,8.026935261293545,9.371562394716655,9.09559563672223
Aggressive,13.981116661192852,14.201582181769492,14.044530709706896,9.813833313576598,8.50757917823621,13.144662197734927,17.80151733802265,7.808604672036759,10.519790316183048,10.05920451922024,9.022627993136343,9.899444032492626,10.053748355805046,11.658667127471661,11.81131600294553,11.128402675277218,9.719108190081082,10.739345721539811,8.23744749928922,11.774044815072319,8.309420786270266,12.048371208179157,12.728047893137973,9.326870405683806,9.63074293899495,10.110744135027055,13.244981674377815,11.613970556014687,9.704255562525015,10.698103788027561
Aggressive,10.031048423278715,13.327868528063949,9.46382190309788,8.054894730108263,13.047739273598204,7.884770515399389,15.661888981590456,10.273106474136732,11.244174748533581,10.38131944413529,8.503583561570418,10.362933106850583,10.026386124551008,8.088603213618276,8.641148451408721,10.685340155604452,10.639769947109528,10.78506272794728,13.08935161963571,7.737271681049728,10.159227044272349,11.76021844002159,9.374059295304098,9.428618065310609,10.4369815362126,11.957845279210682,8.368703511151441,12.546801525808869,12.287306394331992,10.020971268529214
Aggressive,16.49978889823627,17.585328749991145,10.357772346237198,9.498749485274816,9.34486414840314,9.031772226139875,14.52647030821454,8.817498952442273,8.709186882284365,14.393670330172387,8.142250541938042,8.206092392044894,8.963262817579963,9.6235961336013,9.24078360478561,8.753022114289234,7.1422049112881325,9.850832570149631,10.770498795359096,9.485305962848372,11.156680027621727,11.500861059219607,8.17445322315852,10.422997248074292,9.880339522337891,10.396453464855341,11.14664881170022,11.060526961402491,9.73346168113266,10.67288505941103
Aggressive,10.81452341879076,16.24201558734009,8.792651284611958,10.669734570045794,11.785079780087623,10.21665039769955,12.467401974863378,11.05921201410758,9.939440948596094,11.078083160307282,9.443065095016026,11.195453718700618,9.926855657795127,9.142815585065268,10.957238961914083,11.889552589365433,12.592083905676475,12.724205569421082,9.857215129041007,7.685932034420058,12.423560200213439,9.84209819259888,9.489727283856606,11.488657869316944,9.705757940738156,9.901241617302706,10.29606299367202,10.198129153868656,12.88639055551907,11.406011055087067
Aggressive,14.884022854701094,13.84701944938853,8.514711983581337,10.36397615332375,8.886531138796112,8.715098423040962,13.704911826653166,12.387092351305805,9.372037553903924,8.658591562451972,7.861542159822137,10.036422205417356,10.157977798588497,9.379253315611555,10.262508317674325,11.120199821873463,12.592635192918653,10.44367659113956,8.885648646619856,10.957042297517688,8.886484013240725,9.356178836034527,9.980649460747596,11.830192743730722,12.136826135046823,9.376404025906533,7.790785737283826,10.282230006292208,9.069903210938758,9.470720432622523
Aggressive,14.016868582931503,13.886224229450782,10.742965450461917,13.370985067058841,6.422513502592379,9.2016063411261,15.382458521029239,6.903533527005895,9.029387570143104,12.16226769546251,8.325737719859589,11.190057826878038,9.466532852787333,10.897151906181739,11.442526538828345,11.655640067999718,10.60736710904662,11.284958522124194,12.300426470668913,10.027060452495512,5.904028525045691,8.843020659207006,12.197323584320547,11.099484994872034,10.513820988858608,6.722089150217189,6.339080246027594,11.896432183858042,11.834947574835722,12.24215817439326
Aggressive,16.56732622237588,18.0880855386741,9.328221405824127,10.434175003094726,8.650971184747515,9.630165928853186,15.107828231186545,8.177226186362484,13.00250126086626,10.58351391997984,7.973467400628129,9.098715784749487,11.70599091459892,10.12447083494186,10.139706804366991,11.39703289179129,12.324749718384858,8.626892675437551,10.347608782698,10.992245108404,11.931299679092291,10.847368352252701,9.17266320286559,8.364689562607957,8.392990924902012,9.480182830512966,11.143840122522711,9.482217836063915,10.172152916848948,9.103801440983261
Aggressive,13.032190474118373,13.862263928785126,11.256038141903495,7.967429909175703,8.311256242287993,10.769366518774083,16.29594742094734,10.51766534715538,9.456066713187784,10.352973559678814,10.444969480896123,8.671583223151716,8.949596386437237,9.959322985848665,7.902186540380368,8.55564298744888,8.966170254491788,9.638559453004152,9.430721758980955,9.222224919924628,9.328982466499795,9.966941636247405,11.712707434935206,11.33268013174187,9.238900372715527,10.342140072949118,10.131158763977846,8.579319373703408,10.37987193814572,10.294722389015163
Aggressive,14.075350799877272,13.548619864496528,13.90643047069022,13.587025258598953,10.230018555234139,10.493409539271354,16.243646289487433,11.583485247310419,9.46071360470371,7.605057620492612,9.672519936608854,8.58620754764065,7.1825806778031085,8.53160004980657,11.349755830295186,10.416094374553191,8.728426402620942,10.564782610826676,7.731699430596542,9.293084697357935,12.721310005898786,7.546387587395882,9.680064367039982,12.304797048198143,9.10154010329869,12.71667818449625,8.190168611039997,9.821142677077615,12.386977427417776,10.834829017079715
Aggressive,14.07821601082425,12.453743379009182,8.324695264112833,11.206356084171102,5.827572511745437,9.301763792697702,10.83167326749279,5.575992786272997,9.83190064656234,7.922628415367093,9.562283153386417,9.355777922492841,12.44589815215376,10.61746552850017,6.942288683725447,10.920233755754454,8.821092517325548,11.448365737112567,8.548608638746629,10.57959093180237,10.029939936350837,8.466944842004695,12.968370196175172,11.088771785324898,7.462538380203985,8.823996237669943,9.129481800186978,9.431096157901445,9.760501240629994,9.651971138472607
Aggressive,12.139316070634916,14.620202063221093,10.859377762796088,9.774008203629684,7.87281067861369,10.873442271356472,13.664162805935561,8.480592790896353,7.583050022324347,9.815420879217529,9.079535669418009,9.37255181019483,9.49008818375718,7.745607759455277,9.601595700187943,12.947287573476194,13.275747336294335,9.614963963880458,8.034598789443265,10.586625358598493,11.524334810120852,8.903365763344365,8.442158916571948,11.477854736541383,10.64969254145632,8.639014227647532,9.388025618935432,9.779203563785812,8.969782648376457,9.851911308472841
Aggressive,12.144669325046257,16.05880652860086,10.991246406897707,10.382663259936345,8.536387206962083,9.598271559134538,14.272097352863147,11.047348290060881,10.738093687070256,10.007079947341174,9.585552837836099,6.33522507540666,9.960383676285819,8.568887995282337,9.344419360055358,11.353278172986194,9.880868329291486,10.084876108210057,9.52834156012785,9.618011724104205,10.056277793296335,7.619150187246035,8.295109301025835,9.293307268340504,11.13423879131511,8.819062782337513,12.21079880514245,8.01140753103881,11.391076839603956,13.061016134180859
Aggressive,13.559129028060429,15.996809117099648,11.413254137224033,10.398609094001646,11.65963184579412,6.447968573768183,13.317365144921478,10.929521481734488,9.486233442144975,10.119830694939248,12.229241348858775,11.047181192834874,9.643348249102447,10.427883944064192,8.47483978530728,9.642241197611797,7.684298317699621,11.04588405317456,10.649797426341046,12.214378629243319,9.508352275674975,9.854255706118817,11.114167410355934,11.587682776648865,11.19589345548996,10.514364253313815,13.105825369527544,11.283527086050249,13.080015080401633,8.51226644151941
Aggressive,14.632118241949339,15.083532435246944,12.679941901695443,9.283031199925246,9.006421458320549,7.9851031973436255,16.09090383790565,10.437597639001753,9.214272118395765,11.500295349542593,10.070432528919063,10.572327128252484,7.845832785283989,11.330027921620598,11.76857986176372,12.27880059188913,8.159895464789065,11.179278151616275,10.697440749239938,8.461716936106868,8.912969164121977,11.561566040318944,10.805145755751033,9.110210876177891,9.410747482019648,8.775267725524941,9.575079130039798,11.368703419883449,11.578599682689422,12.06968652609827
NonAggressive,10.347321626229519,10.998322990596845,10.268984758809163,9.385144983160043,8.346498679664275,8.43504411699304,9.935981098280537,16.210325818061655,12.243383170295708,10.19896213269236,7.216973886475491,14.624511436227422,11.277380209463681,9.738208388087049,7.958097672171363,7.353148352393732,9.76051598989652,9.488052229744874,10.254124688503893,10.406054942363298,10.168527067519404,9.942282136131912,6.874915106313615,10.413348245172934,8.008502536875778,10.443783583651914,11.240939162519737,9.19804438660104,12.030773392795622,10.761738772674377
NonAggressive,11.763961090967406,10.329436933346239,9.97802769860209,11.706012558076006,11.331118920744826,8.371047646366623,8.087499589082787,15.924577365615129,14.434414405160187,10.894123886841767,9.364751752521393,15.71661245218053,8.84819215860786,8.714385103801353,9.469298380132228,9.961065647121757,8.921753143894263,8.682816291653593,8.719580684267617,9.427352915600405,10.33057981559994,8.011386893475356,10.572905415219175,10.26443017397098,8.725756216282589,10.037582181882255,8.386954186143722,9.513294742825751,9.791878839427884,12.098954049893653
NonAggressive,10.79721292613019,8.341107600551384,8.171802433147501,9.042063898073387,8.369596647129159,10.38610862805048,10.73971085829616,12.079784825586763,11.411287932898226,13.910507452631784,8.062321107597851,11.676394013698056,10.420606882548414,10.358118961115686,10.144193893428028,9.342258521004364,9.450257725045358,11.005052323481316,9.376297053518776,12.227705047059606,10.568742687554954,9.149009687722817,11.586520483619648,7.976500578791013,7.604332112124036,12.195541915811342,11.081899245925545,5.584207396309742,10.804310482061423,12.318961716435881
NonAggressive,6.803050642303308,7.398223407392018,8.439543533344269,11.53547011724219,11.240680721446,10.18802905597419,9.446191888756058,13.602359230959904,12.53884458099395,10.698913375519249,11.507504569479664,11.636937959473276,11.562011979840083,13.749238222181358,13.4368919189815,12.892333357630411,10.695410366678571,10.760918503569004,11.599909786329075,10.196061188663435,10.289939688334934,8.796073750451535,9.271249875299993,12.889278659291485,10.93894740179042,9.607419371479763,9.27070809784746,11.488648833035649,11.407264506605712,7.926507610363566
NonAggressive,9.006070274627904,9.93439101389978,12.169899172516924,7.970888762769185,9.041329533622605,7.704190799712982,8.557871530525174,14.696805381055267,12.671555946403968,10.521656118911975,9.622883739777718,15.95130772564156,9.980242799485266,6.497901917302487,8.993888040095449,11.367577755868417,9.757072454851134,9.091322531934011,9.925156234921984,9.793843390404966,10.10043279430235,10.832271338142476,11.126757023750793,7.634875120906499,9.310786003416332,9.893467455813873,8.382871144746069,10.663433907800343,8.969520847609976,10.38183023900068
NonAggressive,10.979849963326426,11.527673083543066,8.032955644909645,10.195802313688,11.468408045544432,10.087681513069327,10.150507296053263,12.183521037399062,14.103395596914394,10.10905603237747,10.76938768047766,12.105743474140606,9.204211938321865,9.652751091873647,10.37380921569179,10.948979823135938,11.921910512215272,10.750219455628503,9.036782722174927,11.292236681908916,9.865893029900674,7.388719868910865,10.990097357178884,12.6949618528993,7.870736154576152,9.491215105883862,11.581067252937096,9.195680715554495,10.978683055985666,10.520298057386464
NonAggressive,9.40720315606155,8.825303146687942,12.955191675633607,12.701454121178703,10.83653608592408,9.900712124939206,7.781632512970002,12.894625711393616,13.733308933917879,10.841497691063264,9.534048326416919,13.315240698051326,9.558954992890014,13.114584505241982,11.269823846868862,7.279018096757599,6.813864649610274,7.520567525427022,9.892503570716919,10.673545226008233,7.850616790206228,10.301937210707855,7.789598781116845,10.232516920099702,11.028364027071625,8.751937525613966,7.616199588253929,11.221592508687765,12.106879536570283,6.386949082294667
NonAggressive,8.85245498318796,10.950959726807586,7.972044482125543,11.94844596087524,11.905186219471894,9.872805722961607,9.562958177474215,13.976914737371152,13.272031786043927,8.711239419739616,9.486253813010046,12.955001772496278,7.88404693135549,15.080814842372076,10.076734038260334,11.094056010496281,9.999667068558296,10.480634606536302,7.694808747908162,11.834828932565475,9.644792740090217,9.73561077774315,9.39400685618341,10.091138030763384,10.762199045301646,10.128868452097576,9.834593179814137,9.558246938131726,12.862772344786174,8.969301840241974
NonAggressive,12.003743491079,9.106273074727783,11.872245410495966,10.64613471107799,8.288580810104603,8.834458355184228,9.526299152053888,13.875787815046886,14.14321651625809,10.147868666238763,10.525579740593923,13.245353869411037,10.528920296182454,11.210687518716158,8.76311773339649,9.923667755426418,11.188574478374495,10.800429245306699,10.985543907008477,10.85762701912142,11.730094677395641,9.07682814212997,6.804021566066427,8.317718396103063,11.277093860626561,12.341244899168949,9.291177415892175,10.482697704914326,9.27727222645997,11.002740862544002
NonAggressive,9.311641518879425,9.183854428513392,9.455194106257139,10.97705773039918,9.489721892439691,8.296265041488851,10.836968043598985,14.015479792260443,16.90951900211895,7.1135821817853735,9.540181668795952,14.181354401202144,6.516253830695668,9.676351627945058,12.125920008521522,8.762894941995281,8.006614479292674,8.441994444822226,9.976086069389378,8.913077303829965,10.406441194809235,9.12678265311433,7.662751227647052,11.296077869503637,9.154478289028296,13.214855126037753,11.886146769247025,8.842087114868978,11.78980260963662,8.663138168259245
NonAggressive,11.560164416601626,11.221438696452353,10.078648154027482,11.321248549413095,10.651083012497436,9.815374891350219,9.086195658218017,11.501983477280412,16.12428813764942,9.494397664694933,9.586534008321737,13.209933591396013,10.399333236347061,8.68389122779317,10.772506937003428,11.584162880558587,9.769042373215559,10.405284546258965,11.43314247013609,8.364946951243112,10.330453605425827,10.838739267384891,10.431831728111417,6.127979087720027,11.173071978088833,11.601431302349706,9.399294875968518,10.098812466261045,12.223746915076998,9.07290351778845
NonAggressive,12.140315765501516,9.99125400363993,11.570854552097517,10.527253882578183,9.975744085708534,11.562554281330693,11.155596770029625,12.834573010655337,18.29407899286461,12.107644804461273,11.135766180829682,15.919733584610224,10.254400994183808,10.17975557212035,10.234493981323492,10.262993470038001,10.657964681491082,9.02967622558763,9.527909390072134,8.822396018374048,10.231042330435944,9.983504290692823,12.845172929470666,10.42854479955732,10.650038989215805,8.431624766193336,11.12095483172165,7.776704051790216,7.323068112412457,8.447052291142636
NonAggressive,12.066015790279643,11.148904114414472,11.486747363489654,8.669790318219297,10.688936106165377,8.887623944083472,8.486317110331083,17.47622648152919,13.07353201876546,11.495138670129668,9.814028831777145,18.35315841982456,9.354861619163444,11.443606673328865,7.392589686692261,11.356200908938881,10.415047219187507,12.224694155459087,9.904278409759998,9.774174678971761,10.9463412668137,9.131883164275868,9.732316613698886,10.689244620355938,10.178532470744127,11.449455805815976,10.704373203901818,7.408216878972658,10.145415246625523,11.79062694407447
NonAggressive,12.508153600293413,10.105668464358688,7.488273730793897,8.479116632917048,11.899121383454787,9.456671707612271,7.053413446588893,14.98584855118567,15.597278896735194,8.746910610185413,10.841552614954644,12.992830650425933,10.382890728436168,8.860318069559776,10.19923411218588,11.325073916908607,10.867671040015443,10.69299537047719,9.723269417476446,10.464757088289652,8.436142504977834,10.749832472039214,10.490762235807024,12.196392506341509,9.480955813166736,7.487351911173841,9.949231873784775,10.14092890665563,11.06097819421684,8.384783010411887
NonAggressive,10.644982652359182,10.66376836314311,10.001764977195236,7.390774675609054,8.843553892542195,8.91896178638293,9.442063493286422,11.400367887221254,15.030045342904316,8.895666786383183,9.562767241379946,17.528160955183715,8.085172375579633,9.66597040455577,12.475933118436119,10.49511308891207,9.553716169876674,10.491362239749918,9.832439201569844,12.074850560943394,9.121360232538986,9.484235972274,6.766446084624993,11.591548392093737,11.184874759568022,11.286868096280685,12.802093096755403,12.287492229520877,12.4959599063401,10.256248428631828
NonAggressive,8.894553129364706,10.622454506432538,7.656353887545074,12.417933129845986,10.274103225691595,12.315905886595047,11.691658243179381,10.205459742475579,14.400320278252227,8.64709156634511,8.56986301848464,12.371906897202269,9.26367023597474,9.124711859590162,9.057183880751946,10.776303997263764,10.060448582395937,13.091638311192964,9.821519434026692,9.614323391422987,10.36292699332577,11.873782909739143,13.677094678726792,8.764469944090388,8.896375453300001,9.055132903119326,9.531879960200886,10.081570914429594,12.098049456055305,11.939821188532198
NonAggressive,9.932692194135473,8.340374029952649,8.937758917838718,12.2840251978221,12.937086193439066,8.845958299430555,11.647098839279284,13.74191698149044,15.481166544238432,12.532874217079659,11.1232360971565,14.91423096934167,6.7916594369054994,10.758087092726887,10.615870222973077,10.256289296609948,9.905623486568158,10.584813299526028,11.184532964615263,8.000259041533763,10.730127909522508,8.13678814666767,9.41076613249041,10.102309254195392,10.757387096912629,9.223889064798529,7.714687244040204,7.834792356543034,9.446691995725134,11.097697909928222
NonAggressive,9.049430415743181,11.586672979026169,8.73866347691829,8.892634119412481,11.019021713045685,11.175724792005104,9.005206876263228,12.028481100594457,15.873165719094043,9.11495202002408,8.896801948680498,14.657380576289421,10.626635835841354,11.05940866598655,7.399021847871418,9.614807554560523,9.685088534452248,9.792079999249856,10.295946774547676,8.374517885633711,10.494654672874528,9.664569675445184,12.438075731358348,10.698249209016936,11.3984452022742,13.20623616895578,10.728321138108848,11.71079399119437,9.259059843548014,9.849779039078808
NonAggressive,11.380800784315017,9.121639702037584,10.983662135341456,9.453854513577781,10.490941734524965,9.570034623545121,10.19080495150228,15.175506909693501,14.153826013229747,7.668415563682421,7.556914858379614,13.51452680566034,12.609238335429199,9.014747739523644,10.549364878313996,11.615640695988697,10.862179654503386,9.750390827005939,12.382465046630724,8.398819354534812,9.409301580475526,10.73010498893705,8.523221655666521,9.51502846489167,7.6973316592389,10.016171926298808,9.187064718484196,12.72990846936523,11.484915071954571,9.254847543276501
NonAggressive,7.230058633774336,10.907708568410083,9.292117405631316,11.080685725413138,8.706458922780026,11.905485002865985,11.139976078182736,15.442939649054342,12.027366410682806,12.238220044108015,12.012117243917086,12.222169583529762,11.188285313508802,12.164079166263416,10.811148017428325,9.668902838331276,11.098124725795353,10.015227692159986,9.341748509090209,7.910515111879844,10.660723468981223,9.240534338676511,11.489478114594341,9.431376880181245,11.97529151659915,9.545858679235455,12.343874306660624,7.689763716621198,9.51385562222594,8.705180034282538
NonAggressive,11.164420078453922,11.233824604992277,9.436664012180145,11.948585204033582,10.745366142448626,8.694940537283204,12.18212458688304,15.288916241551677,15.582082440853235,13.182399871728641,13.649841800399795,12.496148810184351,10.173044967204804,6.066369850932653,8.602140200701138,10.09757931135338,8.234276163882948,8.406163224011005,10.395380153898449,9.901432422484259,11.187431676290808,8.991639973815648,10.995283624769353,12.731280102729485,6.760618900902252,10.123481003934883,11.010281384128975,11.052402410843627,10.642049014960394,8.794313689292524
NonAggressive,10.718850635785785,9.880092585692044,10.397215357742633,10.423292337746068,9.10162758913661,10.17489135878974,8.325105900347413,9.5109668786166,11.258368186098249,9.914743770493248,9.335056310230046,11.320334482502314,9.869218327055338,11.560484414681039,9.55488166079152,10.594098432130671,10.747924373189095,11.415335036657192,11.257903451291504,10.354678912387882,8.633474364347908,7.642848342280925,9.203115947086426,11.090695480127591,9.154330254352875,9.109010147751526,8.141118003972739,12.636784845869599,13.002304717608583,11.7387792309849
NonAggressive,9.607148655785704,12.730625804840313,11.010992616736797,10.667742869149686,12.764096259239679,8.758307412393393,10.421646185534842,13.011889395459164,17.47546648123729,9.834527120586854,7.676764605679201,13.036258167180426,6.493261672995704,8.18680062347459,12.188369857374635,12.02547917308342,10.703605413272896,11.44919098159373,9.648857855466606,7.57209748456477,8.41894241375073,8.625072246610939,11.10637866889632,12.410705038199367,10.375037680600423,9.684847084588036,8.123495128365345,8.214298571890147,11.137146891458979,10.503058848879268
NonAggressive,9.108387122511841,8.356456910881016,9.275428122634406,9.186074632242256,8.927781568197794,9.916507266346306,8.836266155391874,12.1950208449338,18.72732716674889,9.561166997414032,12.130859593925816,12.0147825900352,8.500950346955525,11.523776646117314,11.36955013403955,10.191935107557228,8.811486190666505,9.179404898250219,11.049625923731105,10.760745612455219,9.43026725628846,8.548073693893095,11.885492057784633,9.814972083805536,10.168026217037573,9.084073788602629,10.769288667286625,9.697881465687836,12.384085837844587,9.210778994673712
NonAggressive,9.612985102209002,11.118019796754874,8.993776238957137,8.43544815451161,11.12335297057127,8.377156424814107,11.516505927536153,14.514751581391565,10.745707214144819,7.402531706173728,8.964760763521296,13.034355986025933,7.913986137957458,11.000850111013197,10.42687361782991,8.025654016974595,9.981346912446986,11.922073497588505,7.208022762146493,12.077544048454216,9.319383289219713,10.997420353646364,10.335060046620738,9.095012595515644,10.923019303800604,10.942858924129478,8.917199507329027,7.559108320486551,11.402100943231385,8.844380116475357
NonAggressive,9.261681836473217,10.536065730674395,12.465455827724636,9.060184019495075,10.438801175110914,12.723664032523283,8.253376729328256,14.160196374309258,11.066570386314657,10.319186487938008,11.399290065557688,13.547363737377475,7.534433042951089,11.782222908375244,10.397879131783936,11.831988257963006,8.731723755782896,9.47125074554629,10.119479284452478,9.52266976203175,10.79749594182657,9.661844118538708,11.908517233305625,10.367474502313684,7.897048842264192,7.535546719655374,12.750068851696994,9.442125174437484,9.78862599260966,9.744368015418042
NonAggressive,9.782514431279132,12.983072775534621,10.566808307501418,12.164821939407362,8.303974101305077,10.084471758166213,10.73588014229629,13.763300836448803,19.687929125780137,7.162420336834023,8.632175227665867,12.062819515743222,8.108993725987737,11.270709080397397,10.857726432291292,11.133802846587425,13.001205717749169,10.255734949822711,8.531404430875767,10.03229073200745,11.406169661882718,9.006990781651561,10.264459957265016,8.488911386332543,12.02415226041734,9.100105707003612,9.954356828653005,9.258844419734157,11.956897812857738,9.925824757904069
NonAggressive,9.970756194815758,8.957480781844499,4.835147714473959,9.374887914717238,11.368680260474441,9.92607698430694,10.71388012920162,14.01700272231072,13.471341063432718,8.048382972955814,9.545258880618263,12.203846194394359,10.554180196308414,11.02537815522102,11.963398886550415,8.6208104541248,8.853975328314615,7.652030886143907,10.173533866299346,9.087210418560417,10.569641327943225,11.149560517841493,11.992738699857844,7.509561028723574,9.776658566468418,12.166426202795655,8.415039446038756,10.834608037317615,10.142134481066755,10.264779994247254
NonAggressive,7.202734917176876,9.598409562505505,10.349017136759334,13.570822589384603,6.552945889859771,10.40461967733471,10.144988561253461,12.901101090057159,14.717685062972128,11.600218025021526,9.402485414833741,10.83710807172779,11.321738368037527,12.679022748701215,12.609516353548896,11.2751905142045,11.04826257314047,9.362612156351604,9.678414461590489,10.378801118922151,14.32028375059377,12.02205452538115,11.483356351726188,9.207175927481455,10.329749373683104,9.702463504286067,8.259106895208298,10.555346278559183,10.92257941105337,11.675465873944557
NonAggressive,6.800871336596394,10.335980623258312,8.646318296719569,12.123775222017668,11.678893294088798,12.280156583540471,10.77813184075077,16.991092785483417,14.737348395363734,9.761836419668109,12.283083605748608,13.75497356448624,11.355302067980201,11.416113799411907,10.34322486444496,8.778875212383982,10.470832440664566,11.794256593295508,10.242053011880943,11.67291770711624,8.881510678740105,8.828726249420267,7.752764688652348,8.074435957686234,10.340954836034191,7.65200323039146,9.241650711956819,9.26976880716651,10.489424209890904,11.160742953953747
NonAggressive,10.855471650728346,10.864227856720834,10.074635293153792,12.81630777851828,8.51404692879078,9.848513026556109,10.052432010886095,13.157203185115574,14.368357094005633,9.488424949191213,11.48678844010616,16.440253573736808,10.468427204164131,10.627573476834792,10.054807683336055,10.415177228295038,10.092731258954435,10.490706372180655,12.47480191430483,8.613982475503816,9.528136897582351,11.318388603376041,8.167407745329403,9.583862915659417,9.090837459976289,10.063159191551472,7.992422847227251,10.428604439382317,9.714166899349896,11.547389872184018
NonAggressive,9.200136098086377,9.341602624322721,10.502585249800578,12.589162675638521,9.717381346436955,7.07526155962973,9.928095683235506,9.355311149644482,13.69515078418766,9.664151245865826,10.22528077367204,14.473486222683725,8.926255521841561,10.672592560737682,10.546394906189677,7.9409466424397745,9.797899064238328,8.788632346269932,9.762696417353064,8.441093268401152,11.3788549863815,10.46106770392272,10.690291505350254,12.479476386416874,9.299985287104183,7.714882492905064,8.46582512939986,9.676934423840322,10.248321953255745,10.175841299869216
NonAggressive,11.155123463028737,10.011944444446598,6.508276277532255,10.427499827155838,8.727131262162075,11.699154914216113,11.717424308940899,14.546325230489344,15.330376513420477,11.50338261948081,8.20413749571601,16.16197473382447,9.732725797024504,14.198577643780173,9.930775664157897,12.359171078265055,8.109993061042577,10.036561528796032,8.209377700921925,9.756828989072295,10.7328307309504,6.4560635020329755,9.038949624258331,10.078654073534176,7.839223175074454,8.404308896983688,13.011256025328862,8.64783021481825,8.147915214039541,6.3095309759051945
NonAggressive,11.768863746677232,11.156887702251533,8.527072319448745,8.574138716164756,6.272533751136446,8.121495139363995,7.177645341022261,13.651510920502353,14.844036377895252,11.35538964085043,11.065228537335454,12.261674190020639,11.3974047009804,9.168366069537282,10.207917956461527,9.942088371338924,10.782769087801974,8.771421531715653,10.03059017779526,10.368850715994725,9.377555303962918,11.80181477079691,10.323776192321318,9.711683498898493,9.935720953811481,7.520624918119804,8.941734460307508,10.28182414449651,8.702221551591297,9.03851925623019
NonAggressive,9.851431324439,12.116908375421799,11.090137401958758,8.626111370374504,11.79608651829331,10.700479834635626,11.97053729399557,14.568520585835051,15.43335461765475,9.726664487673188,7.515061484970021,9.690544260931809,9.908129094963366,10.113335767577968,8.091676869274426,5.926476266926795,9.846670340556935,12.359592932042629,8.428312122354713,11.841089563273382,8.83130424180563,10.039104648292156,8.498408806403798,8.951025035982212,7.822377269789641,8.200154111195731,8.141902616408611,11.253208899200477,10.400799747854352,10.374193913264053
NonAggressive,10.091081795218635,9.192810593286639,10.817601185526959,9.97631857651274,9.384797590251027,6.958051709141486,12.23667872837153,12.889821853692512,15.238988879832801,11.686694345112068,9.948064839591952,12.083073528193902,7.906671960252495,13.683589523834844,7.407585586440552,11.109542154807638,9.5732955981485,10.757709842152458,11.751191601057029,9.806085740898743,10.348373266023081,10.891463057392674,9.914762937005483,8.073068338545212,13.061941818100443,7.47087431981781,9.998689807084634,11.87622359343313,8.00662702640927,10.061139209457702
NonAggressive,11.717503585135379,9.372229261928595,11.627263861821191,9.368186071045217,10.778511913615375,12.031060357704042,8.52878087356,16.247686357611567,13.456651403494734,12.337604544413846,9.239208923580321,14.770668143953532,9.470737573841365,10.148309863316317,11.88216383525305,7.751621046519317,9.789217511232259,13.545156145721585,8.363492044187478,8.230958177421712,11.203189945241459,9.626624362724632,8.894943694811289,11.888597374307036,9.256345597489085,12.15780758354952,8.608082955256009,10.329529226128486,10.635996722353749,9.842989656211802
NonAggressive,9.83802828895785,9.798317946274404,12.64266642252483,8.605926230386114,6.529368408511647,9.998571387262556,9.363477918209549,15.5944828595666,12.366299023762188,11.015000542488268,8.129402739441323,13.048947144626931,9.78439658800304,8.401861845683698,10.691350022148393,12.913435335693034,9.597417973697073,9.571590669395183,10.047673074208083,12.161620753290432,12.418552422280301,10.179058957724507,7.206639144014226,9.049486262781542,8.807436862671524,10.157151495750762,9.393006288714117,9.62636761349265,8.09561041152564,9.987675689163824
NonAggressive,7.587314389311757,10.334611965916466,11.282792082882374,9.999566567101528,10.637298428945408,10.424533344458096,8.737847645793483,15.958909831419795,12.105591661517913,12.384897220263088,7.9702943730347755,13.355017078426206,10.106665545704708,11.769475243486271,10.253769973094462,9.005903128129475,7.928842132704549,10.68581150132587,8.301985191152783,9.756625142685975,6.329725475648036,8.708733674930222,11.646982136430044,8.995291915432164,7.757699284384288,9.372625619341123,9.78967563353334,9.960793885329796,12.173315245434619,9.559330645291668
NonAggressive,8.377365654384855,9.466883928064604,8.0663627461653,9.93878037948282,9.29674717453775,8.641869844860093,9.072302613955333,15.005636511873703,15.395409155633686,11.534847397793596,7.628546149393882,14.625429318232115,9.215065494768913,11.477322768203038,9.866096273269466,7.509910785110551,11.469304131764714,11.93457462349249,9.95085368331375,7.336161137503073,10.807228597186969,7.352778424383766,10.75788147480515,6.529808681593258,9.362029918069043,11.414185372751788,9.238594537876551,9.772910330548003,8.316928875459997,8.917793150791866
NonAggressive,9.506484268833908,9.876938278064456,10.467138909631394,10.926532131202896,10.777320749388052,10.452743782359944,11.887660283975421,16.56042800991637,16.599079776024954,9.225416389074468,8.125355923156066,13.480618889826617,6.989683856051194,9.010825911081826,11.038738077486983,11.524895415587219,11.246297036692372,7.899899682042112,10.535907438157706,10.087338556995071,10.844046906910997,9.555458618947439,11.45538620260736,9.753719393186378,7.413345119867007,12.055844464154836,9.067622978178662,9.25187404512662,10.934458976746065,10.26706366731631
NonAggressive,9.083178194061961,10.147215615841182,10.046170529923245,12.995753331702307,11.436791940861436,10.516715921117019,6.65367691006916,16.572777637520808,12.45808085253147,8.253069741577086,10.017019717166326,14.309155502321426,7.757987745412871,8.333579048717015,10.175383441366828,10.55150121177294,9.807645282720381,8.821705574438212,9.296819602423131,11.416937956642652,9.359424353086983,8.855804546627173,7.968517589633998,9.382316799916477,11.712630474957113,10.143718762788591,11.098759803739675,10.02772902742599,9.635785961882451,10.251150555178972
NonAggressive,10.181356345422259,8.828399951905164,8.911044163494681,11.141805809027387,9.183582868099414,10.76431718666342,9.030923450544005,15.480030305882416,14.46117439855393,7.176567466231728,11.190107998517647,13.42080157632866,5.876932146088891,8.994380458889248,10.678452068917458,9.810893565557706,10.705990285606006,8.989071470091055,8.681399634678149,11.340599062388886,10.345890832172294,7.955501267267417,11.49629493790477,10.624988123209134,9.649041813423931,10.130147188876766,8.875827857420429,8.08174294125657,9.836762464051697,9.889508084827852
NonAggressive,9.341088171484266,11.778057705062071,12.091643440915467,3.841730118671098,10.880092930477996,7.440832518306683,10.116346724487501,13.86620946144518,15.14657763535639,9.770691917260732,10.546011787011762,10.296979072805396,10.861509993998913,10.253228789244265,7.295759550045443,8.708273082392326,7.447086753013801,8.896897139295996,11.794418905210609,11.034144216255577,9.400607781284416,11.051241717234834,8.951586988525209,9.313289688681952,11.966462594570228,7.711165601296022,7.30150025462547,14.915729419054049,9.185260185377935,10.122904407169992
NonAggressive,9.580013506921361,9.555962782528496,10.109661193836525,7.6245439836494,9.822235947411722,10.310615316167171,8.146461856232516,13.178483368134817,15.355558326643148,10.674569162655523,9.737696331093007,16.013527981089926,9.06790527380363,11.470438528576796,7.69095541116047,9.889961793743202,9.267451423430325,8.469216224148829,11.202291459739092,10.061320200713178,8.544016426780635,10.401504861603094,12.969474005227651,7.961437005990182,11.075671191444593,8.502234115504201,11.561577447154976,8.932910574493706,9.96999566738784,9.390000341095156
NonAggressive,8.30742693175573,9.419502723424305,10.39134173727833,9.905285335453392,8.607933806402844,9.702454406047183,10.767996195561159,9.633104372287722,13.834551393262748,12.207336048111692,9.542530137325665,15.083405857134089,12.450177468818685,9.135740739777802,11.589822590659246,6.533197456612131,8.513181024394719,10.698421909601448,7.932571189010777,10.39630651930717,7.497819040454528,11.9126401366608,10.953795485065083,8.92574209692871,11.062030322740085,7.293257335081012,10.94923488411624,9.825577393186162,10.78827782241515,9.25645910420261
NonAggressive,11.789443258440844,9.468118797467094,9.586345506686436,8.191759487377437,8.460221531501205,10.596580663201925,10.163842463736868,14.492818334683683,15.419732928599126,11.282842602261674,8.5567862708557,11.233432990504728,11.081964433321732,11.908793656008017,9.845507002956332,11.992189695265322,11.602974366408805,9.257789274871367,8.555843534026035,8.666963482306146,11.249010890461701,8.619185246237555,10.311854827977074,10.526462543058908,7.507654644044598,9.777657653807307,10.139717723291195,9.740384009422169,9.816630106196802,14.17881420887661
NonAggressive,8.990474506962729,11.468501716829806,12.18563305505213,8.304372533104491,10.777362398986487,9.699445453220854,10.855253567662723,15.924449525176405,9.590475611402036,10.340264125895812,10.57892144144606,14.07383753547763,7.656870161961066,10.615399771981165,10.146433050369495,9.842637617636365,11.14712354576302,9.838889294861993,9.690686725771856,10.012372446736965,6.987219607526681,10.325481955574686,9.4871908901317,10.813546556795314,10.675442450664068,9.588371898556765,11.862217022172374,8.605124251874386,10.8567489040072,9.581012512431846
NonAggressive,10.66087473551067,11.308501558456413,11.003363572197554,10.624964697416086,6.138499576694455,8.846314698811621,10.732780304753605,13.450955698548569,12.103909218033111,8.332904494643229,10.83818118213625,14.901697444025395,7.053802925302623,7.6445248893662345,10.534871390686114,10.734330963192926,11.456822218624188,8.295120778858864,9.36974887611624,10.09867860157667,9.876627224993426,8.249293017506853,10.390869625980692,7.576385577653022,9.186908744286747,10.866521299939539,9.725759947249122,8.874326920806345,10.426923313315648,9.958319444983578
NonAggressive,11.789637080129877,8.828345303202099,10.372092896118842,7.6075042478545445,10.636983408926923,10.372054407295181,9.191298798765192,12.789158830252163,14.693618105967985,5.866244114309465,10.093108706058247,12.85140224905037,10.628628603042284,11.673758850848358,9.8429515459721,10.438529190536427,9.158670221526835,8.195201191369689,8.985692009875788,13.1410198013662,10.29176612619718,7.970862808652183,11.788009762567485,9.184697605863292,10.410698959755765,10.023100209140509,10.78357228516869,10.326721124219365,10.580777262978959,10.567835540859098
NonAggressive,10.660689546621555,9.105968637352788,11.900502008367356,10.70754028285015,9.218365935468153,8.391763760565565,8.520498393693641,15.81247430686391,12.132756940704697,11.100253419471695,10.3172618268959,14.785216617241831,8.414836616815643,8.86509509889733,8.236252146635797,12.498949774054301,10.669691931358361,7.488622288828902,8.528627881960505,8.642519420667574,9.828623293130413,9.148711699989738,11.646881713144024,10.541269770770262,8.714725259882206,10.612018749389183,8.66103117681602,7.201058153402647,11.004736328437133,9.437978972686718
NonAggressive,11.048757524554816,8.826282976761432,8.405533596137577,8.15235963622044,9.977650661282656,9.896920724908949,9.722470266463773,16.342253953162896,13.273040768928228,7.800367408401808,10.15871781951485,12.411538829085725,7.433735676644953,11.255290559846898,9.194433153935742,7.156021660822091,11.025831260209518,10.102288398284456,10.570518553956298,10.482502754059094,10.026994514635692,10.19899501754335,10.927921072793534,9.824876695697904,10.175155743598117,9.52984555777667,10.846876627983143,9.784297914033996,9.648310183729237,12.487953718277303
NonAggressive,8.743875318160763,12.595148283665061,9.144357336214373,9.160065934405376,10.878815065912171,10.125477601097083,9.200158640392825,11.586019863619356,13.387245869352812,10.559244854810135,10.33995105840147,15.520797961627254,10.951674164260499,10.034323661123478,10.77155096079204,13.185515274736954,11.360926902148938,10.918434227092725,9.731497384330028,9.793278945674967,10.41214302999859,9.688990044264152,12.838202791701914,10.02648447801446,10.667391651414896,8.608485185375171,7.74303293132607,6.4898177223506535,11.57949132855688,11.824241092258081
NonAggressive,11.589228706093962,7.662830907115559,11.593894669187797,8.078891988501896,11.3311565875586,9.358929493327956,12.274839185880227,12.51699497176247,14.91338842974216,9.227109698649492,11.202486152540184,14.460361502712997,11.456438335909294,7.196279727021794,10.113365403907055,10.558692566431786,10.46049148989207,8.930250515664175,8.759904222608869,10.70444940517084,9.256459258564885,9.479957603257578,11.029313640995515,7.427254273607624,12.14472181750059,8.13501738857915,9.181952892883885,10.733875539059223,10.592120069675605,10.107360756929891
NonAggressive,8.421206664237875,11.070947157265795,9.017800511119118,10.12825616936291,11.567527679226814,7.216815863551183,8.663822375720937,14.01872910988314,13.22997727539235,10.621011973336861,10.37106279837833,14.613731654288966,10.230267189853945,11.835839703213624,8.943856441437234,10.179007298688564,10.111809727763228,12.218177555054558,11.705253208241665,8.712240640933171,8.602813896108659,10.561803974784738,10.793939090320874,9.586798235954204,9.257610211990906,12.931840085745877,9.918403743585989,9.909917890184714,9.227216937451868,8.23268024616779
NonAggressive,7.7270262886730725,7.418000950220575,14.45039938782474,10.881234230465225,7.689947766249267,11.775054991108473,11.154120407656809,13.157772668688809,13.028856609443201,9.62789483658506,8.661420352854673,14.224593450731167,12.302935140735777,8.16889589001114,8.817961117080625,10.972708619916206,11.953161659098651,9.480958263439,12.420969428894157,9.06425658651732,12.805700912392302,11.686078418991578,10.3257412895799,12.256636241059777,8.875772927465409,10.338463653366011,11.402780151628432,9.970920436486029,10.26959813807697,10.408970130366496
NonAggressive,11.822168460845266,8.061540134720278,5.714336657272051,12.909648275291705,9.396265060918143,11.461507903162348,7.059232357725666,11.596037708042088,16.040776302529295,9.439729362057713,9.529945020201065,9.772340419149826,11.03551530253361,9.628437951201713,11.047990287843131,10.649267995931375,9.768096103719024,6.48167185766343,6.88550966135028,11.008511285682912,9.656316543216334,10.716513220322911,10.076026139971981,11.460124468712081,8.851856510671759,9.875025817633828,7.754785665720478,10.31328643320166,10.579495518789228,10.69824879553116
NonAggressive,10.230611310116775,11.631233276446071,10.838512981559985,7.999225405567859,10.904466069740335,9.749858774794664,11.265617547489361,12.145371682417885,12.950463288773868,12.722473684840871,8.912506470993014,18.269632309486447,9.62548087009074,12.476685371657219,7.896155527519517,9.808058363652718,10.328026152486922,10.129734297526294,9.777315083273528,11.078055808605018,10.104893943861892,11.06619827467263,9.28577764263577,10.480822533161108,13.605866239244907,10.04069488196147,10.866252667369666,10.622328837789599,12.426116789348148,8.861574617030609
NonAggressive,9.852774620660973,10.631304201717779,9.392354116306214,10.906286355414261,12.10085805135332,12.078204030712394,8.675528897060127,16.658961124112913,16.931766094996313,10.030376474115425,8.519213423290156,15.58283912616859,9.620883436086197,12.141695305032995,10.414074696306102,10.094628774184075,12.920015672233998,10.137648505507945,8.526175895847874,11.356447420713282,9.349467818583731,11.828891476361987,11.939459927915314,12.59029523075756,7.00484909333519,8.81805114945851,11.983236151415737,7.949823874041229,8.77179421638361,9.945321922866357
NonAggressive,11.516273665669845,8.387839124146888,8.415377065636399,9.634033277225315,9.838647821481567,10.408569313670688,10.823738756110309,12.205888708753546,15.26909532406826,9.993363461921296,8.962277999086293,14.711255841920906,9.723721769540637,8.021213154491639,8.24539286055626,7.681259422774989,8.858468959286155,8.012543035402446,11.104717635609159,10.289936800940058,9.843703893884763,9.410194102145827,11.600588729389715,9.123205940262428,12.411629292842335,9.21156000086013,9.53611917233608,11.799875725808059,11.232472363427005,10.867254873593007
