Class,Lactate,Succinate,Fumarate,Glutamine,Citrate,Choline,Acetyl-CoA,Carnitine,Betaine,Sarcosine,Alpha-ketoglutarate,Serine,Glycine,Met_0,Met_1,Met_2,Met_3,Met_4,Met_5,Met_6,Met_7,Met_8,Met_9,Met_10,Met_11,Met_12,Met_13,Met_14,Met_15,Met_16
Aggressive,6.794968991718959,9.861808488884662,4.909863441046671,6.167870731701811,5.418339481904787,8.17010149468955,5.815588063699291,6.077552581312795,4.203289829420667,4.366101486971828,7.271873463984404,3.6436008769939563,7.472541160701157,3.7654575660855025,2.2245356144251867,5.78556428463409,6.688322848154215,3.5732062219614753,3.2525594716442807,4.029962292197086,3.6051075245428033,5.401720676144529,4.960270289936437,3.593612824514193,7.305691369495554,2.692282316201445,6.331585664119654,3.574190490662456,2.9328717325074862,5.7173341228145285
Aggressive,6.8734090283494,9.547795307815774,6.638678180169088,4.117629132566488,3.526229593936284,5.995738625050315,3.8618863047915557,5.165577916719304,4.064410841281623,4.775181266292056,4.9716965531735395,4.715564953131876,5.262136732126033,6.615350409597804,5.349717251014556,4.511783801769661,4.582552130713594,5.628135662754788,5.941635942195054,5.463710465138495,3.8150299771535687,6.53542972875461,4.071493564404794,5.886113837402817,3.9671398259975303,4.440383633808152,5.482643436473572,3.521438875641234,6.701848317243478,5.880731108800239
Aggressive,7.333761493619203,7.295573438945466,2.925066259495269,6.345053903306643,3.763889746254188,7.639393255651623,4.0753912256948395,4.126960429722735,3.919827085241123,3.9629034873665736,5.121552944537921,5.085087714838006,4.463448461008627,4.8384262145029195,5.966450072000854,6.63443677399037,5.868852104445037,6.070638202537685,4.838519425808682,6.634253853714166,3.203383696213102,5.9647288053095915,5.254796922727879,7.0739679397486555,4.554358682053974,3.051292577705457,4.092834107269335,5.4338031055610525,4.263414644865454,3.325946816029798
Aggressive,7.067284935693028,5.8944362293950014,5.6961315272388475,5.9520823523549184,3.34737702779894,6.233936645545596,4.241507360390677,4.347705269816809,5.323192830054695,4.771080906157554,3.1207649335454937,4.788676930836746,5.470422866968557,3.4047667554372265,7.566400361950497,4.9211251716090425,6.413366547744737,4.433553409411006,6.139316697640445,4.728361960066443,4.845780460016413,4.194556615262822,5.914473900551524,4.790351139902215,4.721420907395253,7.756002922592939,4.574342782854721,3.5231596655318027,5.450135099250573,5.449931155637502
Aggressive,8.73083412281165,9.442010355867538,5.276079666583391,3.0374022416407,5.118343151497955,9.146842924485291,5.268607524557725,6.293482160021415,4.8537342053872825,5.509705820577842,5.182131631895893,4.1363752885328084,4.871521626063808,6.400532739765329,6.2696927085904655,5.632415542787273,5.013638204190403,4.606953616647742,6.73350675223325,6.071488524087429,5.229262458856274,2.9041876236985664,3.007103830974808,5.85134804608046,3.738606896200178,2.922293528787166,4.651013952233236,5.788348547696353,5.194413453473633,3.3732958610832706
Aggressive,8.388504203208987,7.778335082499524,3.999076240389671,4.009642092653662,5.774823639596373,6.676677499103264,5.897486000180784,3.4633503469866156,3.8698782163994876,6.98787049533679,5.7642469767130455,2.0247116666298792,5.8372902572088545,3.7858958453602742,3.086424192018981,6.30686772877611,4.568006300782519,5.305089414007322,6.619423639210287,5.102776358873414,5.891295121293595,5.280062038642232,5.464531285754495,4.235620156416256,6.705604424552324,7.048852191872921,5.553631902762943,3.49622092393037,5.401554626265185,6.343004573433322
Aggressive,6.889164259064652,5.608091407706056,4.9326920825265885,5.661293705952664,5.0103076091211065,7.782884321626936,5.393178900010701,5.909440130828958,5.214392239681543,3.5389470909460536,4.551435013559613,5.887731165721725,6.286784245424309,5.348527307072333,6.857931622643239,5.412607768887552,6.934041925738588,3.2205939806950834,5.3122267779395855,3.36126474799462,2.938160605959853,6.569139021203625,4.284875786727161,4.713063168766402,5.581495305755373,5.255701527128044,4.424917320510605,4.4245175787990165,6.068344406667002,5.974062368402822
Aggressive,7.995663519807886,9.24082248029833,4.7221880598718,4.250983295218677,4.780219221216691,8.393088373299655,4.089041131958429,5.2280009209342975,4.414364891465813,6.072549847937203,4.951812794414988,5.056654686148518,5.007934398577646,5.416694248440138,5.978403772133883,5.1059346310561144,4.489743676283693,5.205485639427779,2.4023167161649885,7.4796006579519645,5.5529917742918435,4.252952379289753,5.6572238073281484,5.933557394789288,4.25588711513603,3.1243775332049273,4.616772854120527,5.444697676721939,6.59919338688882,4.491185191980691
Aggressive,10.211227837800436,9.04632280740572,5.140248588518305,4.414763632334808,7.48511089753439,8.777678854389013,4.8930472554945545,6.269375579792408,5.027999384645143,5.178925742573203,3.9462734224078,4.824858055339318,4.594112154850353,7.385131390215696,4.321371112760334,6.957532023775318,5.935270780153114,4.090019819962726,6.087795307589689,4.844056308066942,4.624633181978438,4.6975880699451915,5.813668925998272,6.629709176809725,5.707185501679904,6.658692453010142,4.379691759087677,4.210440260536425,3.537000047344536,8.187237866338567
Aggressive,9.1005663944676,9.390284992296435,5.883110321281857,7.718509292839816,5.158328144670717,7.64804764034574,7.432134357727574,4.253815308611211,4.959005407102853,4.326377537872776,6.3479423891510365,3.9561437591320328,3.9448341557822193,2.494196178435844,6.668448425609385,5.600560872935066,5.017546927625618,4.78108567017286,3.2265679810399757,6.300902029894862,5.939943466740783,6.443613746755236,6.431853706433166,2.737016849344966,4.976174266132066,6.8459258060819534,4.557661656004696,2.585981356367492,5.391419643150195,5.019549261610928
Aggressive,7.931644229003781,7.603235622230953,5.05601043564808,4.051676305375001,8.572256861655172,8.548798910945745,6.8679766467007966,5.479399583193403,5.497257172639995,4.66395953622323,5.944914006429214,5.707384906111189,4.85899595795389,3.972768007209776,5.539577555969467,7.717255282843789,6.658771566440766,5.047552663927316,6.446736664267518,5.267925045504243,5.1411866820630925,5.6343776632849,7.656912699965822,6.2083662975076255,4.426793811062679,5.804810787862017,3.5802442314749925,3.8459676425846725,4.360373709246231,4.291638214310955
Aggressive,9.849778115994681,8.51014216277311,5.093976132613686,7.677353526000346,4.034839652968178,8.775188517385853,5.1434045453996,2.2936949085711187,4.012571722084666,4.865453247984965,6.5962790569182985,6.5162330785066125,3.0064641641503487,4.280148740456012,6.747180348133839,4.169344167101979,4.442455238152704,2.7920625500851073,6.259814623520907,4.067007422348237,5.345980425265419,6.929092879776716,6.630427694270393,5.302052150938223,6.685334578559353,5.959491855746383,3.5218848873747906,4.256927133089582,6.694329506354094,3.733611609622181
Aggressive,9.571918953918901,8.584450613259303,6.975877817264436,5.082894225734552,4.9706196779745575,7.8514011293067885,3.703065371871398,5.295709247935553,5.945589660059513,5.2697971883912516,6.271817273268947,5.561213884034559,4.358942800200161,5.569313557672734,4.725570298500451,5.057586841598191,3.5827673758474257,5.5164296331515335,6.456829614008387,3.4848174738904145,4.091802299759429,5.4784654569764655,5.80619615511201,4.995802911183764,6.372663180411536,6.315612805305619,5.527425204656673,1.928819505510042,4.998877969928342,6.215274338236315
Aggressive,8.015189646902515,6.979299364230356,4.212904768541775,4.514619218183371,4.8812050739262345,7.250149595094591,2.892625619436334,3.0281468654189334,5.219656028345436,4.231318019289709,5.598848752624769,4.87515258920315,5.8744385293224575,3.9348175089354447,2.7749544035942675,4.366415707693268,4.927663673538861,2.939421423752955,3.845083892053309,3.9487288011711934,6.652731382866336,2.779729048130524,7.13470370361426,5.849409302292041,4.884637303833408,5.403371743373317,5.041100277915246,5.392911361350282,3.0517748299065364,4.093547145607966
Aggressive,9.388387304120037,6.121228341295163,4.5531576799191305,5.0116148055238625,5.823556091016159,9.137938079752074,5.313516213126339,5.424600759836994,8.5282763334559,3.718211501677869,5.739422586979348,5.828337773294929,4.684215178620297,5.736673026584972,6.20683975377053,2.28206602984067,5.015028054767562,5.248248434273369,5.362859968042228,5.464506332907577,4.281118783401295,3.3526570975715906,4.903762495388319,6.104625683997466,5.765976801723947,4.084026210858113,6.756533354956876,4.577899437864369,5.570084271523399,5.475670489402038
Aggressive,9.05087773916507,7.674658944773078,4.383748447185447,6.328574521423056,3.5601233311290463,6.949243061806193,3.885404981649315,4.6615749516729625,5.6672584227665395,5.3733797459075205,4.427511881307917,5.5014736833944555,4.35215087903455,7.184295939291853,5.816347383886518,6.830679459178263,5.552219433477561,4.992151490175115,4.752211223150882,5.977283234265111,5.273608690868752,3.896606056915675,6.726629863338692,4.652020482035965,5.598784709069787,5.43029072076135,4.752292081736201,6.599093536684345,4.356080564729773,6.236632077535745
Aggressive,7.2331426505887615,9.354929085118789,3.9731189169716874,5.308466261985667,5.880330950103582,8.821924544945468,2.7968087170175955,5.935417201225339,3.207582761951725,4.515661319178359,4.790487307733551,6.256913393881129,5.1832705441040074,5.199204288540854,5.379831882394135,3.2270510294360832,5.7565064422662156,4.78058000239473,4.36338891293704,5.654594180830319,4.55096665055567,6.407539226882018,5.686382303936384,5.140822621837071,7.908989967602675,4.476458651717475,4.637517468462005,5.225369706068921,5.158990884887371,5.2352733796159825
Aggressive,6.602877942093382,6.5478704428174295,5.400906008098778,3.8080770702471325,4.354630646855144,9.23336696955586,3.809114837753192,4.123017915812364,5.440789473410378,4.072367323759851,5.174426663995305,5.415876455524735,4.396106685566298,5.733817935891478,3.4389233051440877,4.16048853539572,6.531132025613214,3.672685429618496,5.15301103464617,6.33703031480529,5.412146887603877,2.8558655055187314,4.094883649867838,4.694443081215339,6.298747046810516,5.354855290404723,5.187795396830578,5.416863180708699,6.078815485125058,6.957424432073133
Aggressive,6.79028580375529,5.97052732256026,4.964238650572896,4.622229419693256,3.1887885762636823,7.563813202023246,4.049639483485665,4.777023024253736,5.539629668319135,6.296916954542998,5.735333648448325,3.421819760011587,4.941312377605264,4.98323910448663,6.840933630981879,6.52847288901936,4.300175429550682,6.938688091871195,3.9680557519677424,3.7942265673201154,6.273242221090806,3.66146677284431,4.3947885950555055,2.8813062794272084,4.306332689820668,5.0603008799811615,5.2751183466579565,3.2360792439207073,6.309452479229761,4.363908847349951
Aggressive,8.125450351591098,6.769241218411766,5.398472305088864,5.044972262366868,6.33914738062062,8.307802418736134,7.528830650813162,5.879455003072701,2.435493287608668,4.411860895440846,6.461946400196272,6.1766931573936095,5.047280132553071,4.239225913759207,4.00822333299038,4.498224848827495,4.5552620292888495,4.7089948161794535,3.831996324933952,4.72466295569281,5.506040707028958,5.304279178258546,4.227710845083172,5.323361403099338,3.2362810008353105,5.071029112401254,4.657692301815544,3.247541556702669,4.482251020872143,6.069113672446402
Aggressive,8.287420011247278,9.581693761445498,8.043806944206688,4.155284709557791,4.894624193186675,7.923064516658996,6.290818559449635,5.869946413870503,2.1195609409897718,4.60048441978133,4.325985715616183,4.345030163153549,4.24511651909652,6.043682849662257,5.133464916038873,4.216475873345566,6.071634730729208,4.64954663165339,3.9028051461892703,7.122007651400528,4.483870303835117,2.92247848499565,5.116166336888491,5.627633965124591,3.32156907650631,3.063515207959462,3.1640241007958663,5.992573619281848,6.010232754095485,5.094126481993701
Aggressive,7.969120891605994,8.467429248664445,4.11585187274651,2.3355161099989536,5.495840746281714,8.222087942329178,4.996328174402558,6.180237835014743,6.0984281833949385,2.356466845808701,3.4965563006223714,4.605595250994633,6.057126703781036,4.776636992283522,4.151759734417806,4.747013915663972,5.112550315153549,4.974528190705156,5.181751898940126,7.447709710360112,5.322764563388565,4.582521791354163,5.800770681653242,3.42869145083899,7.18648845421256,7.677389819336664,6.953541369215747,4.558377455161167,6.515019557609472,4.515412928729615
Aggressive,9.534806051182064,6.3472373312705,4.047903068259435,4.240048096963504,4.461987535062301,7.778492819680141,4.606458888133218,5.273679115166326,4.535827318895365,3.6500110296690433,6.068502491786261,6.311606370207368,5.068088151226566,3.677976303548494,6.42009461025728,5.550057554568411,2.975227384359197,5.981984258481474,6.3807622907418775,1.721540177205536,5.1486407168055734,3.639361735257866,2.417476799467748,4.352459176010168,4.7591657476103055,4.627850578985576,3.9471116549357514,4.7037724183049985,4.014765488557323,4.255080008081472
Aggressive,9.511155557007806,10.687661163717877,5.922256383495079,6.707327306890631,4.6763784406087785,6.280483890433193,5.791890719335606,5.154299579359122,6.087619151461764,5.1062154254455505,5.443055823384633,5.386280400226679,6.220881547702627,5.483935168191254,4.3477400599007066,3.88475125736529,3.7735657068747224,5.9673020959379235,5.393987600368076,4.6972724089600115,5.286354782309288,4.597288143168754,5.5400071207815405,4.814227022164618,4.94427281865751,5.404105358575515,6.187530647106197,6.885846269625218,5.430819888461282,3.2628558263837837
Aggressive,6.5013477756210545,7.881476409198195,4.443388361271036,6.040660876482154,3.645501232489101,7.187113922850992,8.032450706075357,5.096292409104059,5.497203799817344,5.378685590500098,5.415561476354083,4.938778897365676,5.5251679917691146,5.954509842277979,4.4428600736597925,4.038736432321208,5.8482192188534565,6.672279918645904,3.7592570770076597,2.6712311586077004,4.892609606368352,6.0494489714379585,4.043240897818237,5.232479393712123,3.4656298093466713,4.888456233040307,4.195427612007791,4.062857544781484,3.3593895825762266,2.8815987239212495
Aggressive,9.399239785106877,8.977589978060578,5.385620808225194,6.107658428978903,5.406079647610605,9.238228186340418,5.580962481978416,4.597847468947197,4.4989166889659735,6.892840973733815,5.501841411155832,3.48251202860875,3.8669137149362642,4.752903637295823,6.765015793754457,3.6046116554238825,6.663521282167414,5.680771837273855,6.370812228919409,5.846947819655322,5.092743495955074,4.853268702900875,5.584379548243851,4.246276061115517,5.1990621318461185,7.2358477591868215,5.83666843539237,6.323139947107822,3.9958412658026132,4.091134956656187
Aggressive,9.596279070028453,8.53913552732391,3.666087611141635,5.458055482876969,5.204055664315347,9.661293084238157,6.45871534837088,5.603066823498637,5.41999554761499,5.579321211522143,3.8693500283851834,4.696185690656964,2.250598520455229,4.824237010474703,5.0984085926864875,4.481655512541771,4.756835544632035,6.31351457799934,4.486737410720572,7.766169601605096,4.815835016580679,4.208964730004224,8.526076526635235,3.1333151840077917,3.3567207173849978,6.090414371831438,5.2029742580704985,3.6436189351543895,6.41242812634104,5.77619688638868
Aggressive,8.489063529401303,7.134925583879696,4.819052590719058,5.583529751607714,7.191238439228368,10.582297401988452,4.512236388560749,4.144874408854543,4.8262010928841805,5.6647723423763665,4.00156387466146,4.5633482368101,5.105141330505633,6.1815818303001775,3.695028187380139,5.702041222039237,3.2684832209207597,8.610905623302612,5.183878794447117,5.367779253561732,6.84079109261394,6.897919018168833,7.389962694397902,3.6014054502615296,3.879462346821149,5.809486476880791,4.232574280653185,2.6800938601676996,5.343770115489083,5.831720033053546
Aggressive,9.410315517188677,9.580312845303325,5.067919783023699,4.354488989024547,5.519262851926266,9.087219793198354,5.099061902498109,4.384728320218684,4.190493064495056,4.197580879792651,4.50724070506011,4.6188024389386015,5.121827522886602,2.9952871401112455,3.982185590309862,5.7053971354533015,3.8551052339383043,3.5202252269155823,6.078353513042536,4.473400005197734,6.155656321140339,5.923180534252205,2.0378496417018264,5.017611746504538,5.722491717349072,2.093418950959693,5.968145474342271,4.666563512618782,4.559004862332462,5.391937537244423
Aggressive,6.251733944454134,8.507984845994004,4.126702276920558,4.4014530657408875,5.579648181210676,9.305511548661755,6.51933782634402,4.536665919378735,5.643678409402859,4.846881139432039,3.5066464736795826,4.154292425605286,6.166776746350285,6.0230072398295915,2.6751740552779353,4.539820698271508,6.3779556497896,6.383830190886819,4.985979356166164,3.9039362160614877,8.360464996123355,3.887343678275161,2.889569627052882,5.737498808939651,7.7292496614185335,4.446936453250627,4.562263725915694,4.861172301288775,6.210280258768428,6.298489118596452
Aggressive,5.1130557844360816,8.689304052109339,4.370760340538081,3.801062090072816,5.596103275898781,10.080552941955794,4.27899936143124,4.802011402839364,4.688176646276123,4.774116202318209,4.862756280452955,5.322715521292123,4.395493154712954,5.825525571525282,3.0260970450809426,4.7911877082533785,6.636035271801614,7.242183440031258,4.869064694951376,3.564570051082061,1.5382025418422876,8.201374527351494,5.147897567138909,4.691142121344205,4.126504640705042,4.932025631364127,7.164005555519017,4.140736112115462,4.880062776201169,3.30439166141024
Aggressive,8.843102705729907,5.489550928990935,5.877076524900519,5.363538883249647,5.811147618857665,9.385610613679406,5.179470612565667,5.510740050163333,4.079700587325191,4.868605599708794,4.279447242888741,6.786423172377124,4.048110289603735,6.06115114659336,5.7076458141288215,7.394599715405413,4.387242805910926,3.706588443405865,5.846920736782729,7.006149410490847,4.55988501073566,4.676332062390815,3.728382373624078,2.4296713969948027,7.061354727197523,6.968623437094211,3.952942718372982,6.764956082782875,3.786872911101444,5.282364296851164
Aggressive,7.589268323358681,7.926926136719708,3.318415171906384,6.080322274332213,5.429001894268005,9.635416671244311,5.514385653182486,6.314093342144014,6.187241659939166,7.118560850045153,6.335798742908008,5.498396176578884,5.372771499308292,3.5173379085697727,6.017386215940084,4.214757538924459,4.671429769174027,5.397975616892575,5.361482067892556,5.933928650083466,3.209222885917465,3.9708836391735938,4.765234759241634,3.7170026924227244,3.960234753606197,4.262211228269892,5.37787290795804,6.415386240619534,4.136610417211242,5.393825239986072
Aggressive,10.677247898989206,7.866851678096106,4.220265782041866,6.061633599704058,5.49692912297976,9.359846924230315,6.084593495447894,4.113461186761661,5.6006271367370974,6.566187178979903,5.548317750195978,5.528233540629203,7.119999952658157,6.60248489179974,5.258466573609276,5.502497322029985,3.5135741204328568,8.957862713592853,6.017584213836012,4.3773396005730065,8.370482671352086,5.1056331051578745,2.782636615508113,4.628469445175036,4.504489512335731,6.725177057324827,4.847304851093458,5.036587154414894,3.8842949318591407,6.683316679655762
Aggressive,7.736951235464634,6.7368446209520005,5.252382880004913,3.992403189010676,4.969239072513387,8.224935850317134,5.967901145994298,5.5989629443082665,4.654026495525452,4.399460491935911,4.979584840098179,5.462753484568751,6.524286137077316,7.228339789194728,6.833915694586737,6.913319133504254,4.324648524579045,4.670033959561649,3.697515887405058,4.987008309798733,5.516529059064817,5.175339159072828,6.673249182165799,5.363283827131228,4.252441168726799,6.374721916998785,6.129386813840905,5.569433185835514,5.834381799751149,3.455493140656448
Aggressive,6.265048339858271,7.151542364624901,5.846296042303768,5.9159646546886835,3.445572021080115,8.161051968305337,4.3006201573335785,5.703818092683514,5.738300292461149,4.365066712243615,3.0941306096774817,4.504403520387052,5.373067362990957,6.215646121997598,3.39413526494147,3.0063547363188188,4.718806685614651,5.866355742092013,6.576882495187607,4.474531450084075,6.0007158960549996,5.958426700396853,2.7061753691509893,4.462334736685956,6.558586022379678,4.707211733127364,4.448724450444863,6.118360460275892,5.498610308889565,7.279094383591824
Aggressive,8.426340009002343,9.458369665813585,4.1084712493761915,5.7360564987323555,3.3953594140280208,9.443283213685868,2.1384645019408937,3.0886943735916232,5.625565978673973,6.992916407004724,5.4980742076417215,5.797450270131152,4.825795746377114,5.316826084039486,3.779880758352308,5.527139124066008,2.2816434746025123,4.497362251985874,5.45480132397304,5.2102313958135245,5.459716732827095,5.63788101259051,5.452533043320586,4.214456432625091,5.258144844016765,5.303400858675275,4.363951386829671,5.295500966938235,5.713689222272005,4.287574049095215
Aggressive,6.316037234345675,8.734961689987502,2.445163062017444,3.844943060386609,4.922299001830931,8.027327854851915,3.9117913294695166,4.324953160510658,4.8424905131512626,4.764548882020441,3.1738017803793404,3.408828698066193,4.55181005147492,6.300332179495867,6.290729430862586,5.184573482482492,5.323423108189253,6.62647782385781,3.772710987931574,2.1610759094675114,7.227249252358176,6.972061118413895,4.106323545442919,6.837055406788531,4.946577414278954,5.058022951455603,5.595974258881755,5.144674837140629,4.163029780848597,2.3592193054602686
Aggressive,7.630989397923495,9.773450360479849,3.585674254074945,5.8331794279773765,4.058854629758483,5.925738520814153,6.7750569198612185,4.596923085893602,7.648072372184101,5.571914157256674,4.919792263863454,4.1167279853488825,6.0771553946908945,2.4194749787136076,3.3847595998997653,3.3524271091920577,4.822411724842106,5.025546383132829,4.607595713076511,3.747801167343522,5.869388709737079,5.90806703368623,5.094685274961923,4.589584104096158,2.3041060335069385,4.768561123855674,3.975672309410172,5.170352296747134,4.107544651638873,2.483952641058955
Aggressive,6.49217472713894,5.88896669729872,5.320842815275385,5.048811109362809,6.4192630547440395,10.05357018347175,3.6525649975156145,5.370815364823747,4.680390568440739,6.341390750482058,3.4767399985447276,4.013932335322715,4.425331249323808,4.4243774093864054,6.788667255853914,3.64158274124252,5.527979131182877,5.439318399019632,5.033170665871806,6.663083363638222,4.723617859683257,4.0683623532134945,3.924425486751534,6.5585553152790474,5.757902262525858,4.914911909560428,5.484082391113202,3.5985638604130434,4.821927523688443,2.213873652821741
Aggressive,8.616363530296614,10.016617021128365,4.956504334937149,4.380576742815364,5.180216410034148,6.242539651391413,5.18265434691452,7.450566966181425,5.176838541481511,4.8989979660889516,5.024539165137195,4.808390554811247,6.747602872841722,4.4206375645543945,5.773501411097058,7.04306531898614,6.907220078134263,4.263678529315394,3.9746599091670136,3.466734897653558,6.1318169009758625,6.113698471053541,3.130082902956685,3.8638942857755745,5.409768490581284,4.585500448412754,6.139751669248737,6.8222888805724695,3.752095702797508,5.3916052189334085
Aggressive,8.125306941316161,8.512070722713817,5.213950736957586,3.6841382559948617,4.465843621643385,9.977302389387544,5.162673946305475,3.712714129114611,5.734485835840094,3.784262441280443,2.497945241580141,5.069454614519416,4.795676832012752,6.8496620237041705,2.6595762727780716,5.898010162915408,6.199271437553154,3.8408742083570604,3.8655624896731133,5.300106230552375,4.95173144826226,4.9331972293973685,4.8074312092825515,5.237302856664877,5.1433936202486645,6.462554985202505,3.5398331685013478,6.471797511831276,4.92265587110137,6.473913630238545
Aggressive,8.794938943289374,7.64146195336139,5.197176656130609,3.3733125993630537,4.458094244515931,10.599655201069602,4.93907991751307,4.546843744630794,5.420859492262962,5.4637994939356815,4.0893446742272905,5.776510331268837,3.8314630830515504,5.38975694028816,5.001326280713031,4.273231415497232,6.6123410260457245,5.657734745116134,4.650626226873457,5.41657689873688,5.0463549910979095,4.316972811684274,4.832624435871864,4.272738865559348,3.0896527116301047,2.9057902752610585,5.013512034905607,5.562511082662258,5.1754115541905845,6.0504874539412565
Aggressive,10.092382334017884,5.862693459876721,5.74100059314009,6.244519646993771,6.199952178484853,7.0705381060510515,5.04716512539395,4.341936676119607,6.639421023209419,4.1526641854853015,4.921846037836867,3.857200181929537,4.622408690057977,6.053093029636691,3.843822254412434,5.496031561322131,6.3784694436165,5.002733189955359,5.560577014895857,4.732328282474012,5.220573226206618,3.28599626905927,4.212685212091972,3.9319853888085454,4.418633178422933,3.221965955276933,2.312666776004732,4.280630599781463,4.545911214715487,3.1393464206528803
Aggressive,10.879550718220173,8.434063474177895,4.538398449226115,4.189955769430527,3.707261317486333,8.625368193833639,4.772471820788996,7.519374486369189,4.844566213160414,5.199038004677283,4.88497440663744,2.308578200371002,6.120178276231467,4.985810684648637,6.32542103951746,5.38166075994138,3.2035940834630505,3.5732096949920784,4.643819194919176,5.280749747084574,3.8788706111148716,5.824826420040258,2.266266810379797,3.456290004653119,4.197450296682039,4.0005799540030305,4.0420870807335065,3.875108680352634,3.0452907288633937,3.10380415682594
Aggressive,7.415101091853753,8.63688875806793,5.280852849807913,7.547358929575106,6.646976396099138,6.019279723667198,3.8184417238194546,4.082309721566615,4.939899967678849,4.405685904960107,4.705164036649454,3.628986420413148,4.9435236264296,3.91587735515237,4.637317716692177,4.395351723725444,4.676278256362478,3.712802469724516,5.617386693665599,5.309745505492925,5.422120840151597,3.706789005983376,4.22654930024039,3.9693357912471967,5.4238243417276495,6.054217059516264,4.445165267515619,7.535378958376626,5.441899433440027,6.009814595245966
Aggressive,11.365213246394546,5.670709088458738,3.841802270086918,4.623152698117719,4.831554937771474,7.989159448612651,3.229881224284233,5.017619862120105,5.3019721765432815,5.264901278631283,4.589492826750977,6.164882509967079,4.0538211838638984,1.5169227502235447,3.3802423570152955,5.068694627307938,7.1717739058532715,4.594419321959283,5.821153584221387,5.900501349183267,3.670940346420327,6.570178916980758,5.754903143435888,5.631356689054556,4.909979926660225,6.138178755622601,5.0031388564721775,4.606560944711075,3.9881427350215475,5.5090619211608844
Aggressive,6.583574195006582,8.781906066379918,7.3015543726217835,3.0546136614685437,5.880049874652489,8.442118588499834,7.85474138687555,4.7540903489089,3.8110797033690336,4.937556134114502,4.6959129259394565,4.734664380988162,6.265286897931577,4.010098656184378,6.584552860183996,4.625878180510044,4.941409245315031,5.238272460452755,7.019648658202342,5.8616434928631245,5.982514768678443,5.258191520963214,4.471626284715768,3.927369490610557,2.1500239932661622,5.445069422835859,5.974869058802347,6.707804831627738,5.270253740187001,5.2115576749083115
Aggressive,6.042871827313474,7.841340864207096,6.6429746195570205,3.4133644631014715,3.612596543150277,6.572282815804825,4.12604254344262,4.862063123596874,5.333902787751977,4.971771988531221,7.031331428165631,3.5508476361177754,4.75792634558909,3.406730476614956,6.33703902449585,4.677485703179725,7.821164289978027,4.222283151055623,2.245258971087682,6.637273268754273,3.571121952324769,4.623893648356737,5.093090193493047,6.020502686862295,4.618484439927659,5.239818170703964,5.244438934578705,4.158332652946363,3.554725825944761,5.9192274865419225
Aggressive,8.73402099840495,9.581665749163932,5.243559409774814,4.659933674035324,5.421956852269777,6.576998677827964,5.200080828898944,7.306207133263223,7.253843202614188,5.913605115752756,1.817397097361647,4.730765501036736,6.582773961561467,5.707676403779836,5.843502688069679,2.793999098992518,6.064830504767344,5.639192645510806,3.8100811106192145,5.025841396123065,5.0753755224485175,4.441981680815782,4.998985957823794,6.469356400140031,4.638778471672728,3.3532793719039224,4.490129526148187,5.625370297434693,6.160466525745123,4.366230653776452
Aggressive,10.198828439166823,6.84232649594027,4.345797285261645,5.4420300243970585,3.4231835281209206,5.244657622149241,5.816958002391005,6.451077274102301,6.670501172041423,3.334916650758643,5.160667262632796,5.489813614933906,5.9270266850689435,5.976399866594481,4.04112108233361,4.791702345846351,5.3913532633619194,6.465794342580299,6.337707449226997,4.248568771010844,3.049747559099996,5.318412640430459,5.427478910006832,4.955744385757139,7.0565089823099,4.862058418701807,2.8289924487792004,4.700520656239496,5.326138884327024,6.163518664921513
Aggressive,7.719454156110708,6.250760194932349,4.090065129005002,4.5765207074038585,4.329861387553539,9.257880447725006,5.877243895860613,6.789875530794239,6.399409457354928,3.879915321863354,5.709797019680173,5.611405173145737,4.655643649284138,5.1930640270604185,4.185853406551683,4.135925837685251,4.042796321956992,6.216951489517731,5.9852987055322675,3.7028326663333786,3.2117148406765414,5.1784840745436425,4.196485609408009,4.5363321087924655,3.2388179919960765,3.203300477661016,4.405374252030272,4.574169968197608,6.668214275226906,6.469572765463073
Aggressive,6.19822108658092,11.407602679795263,7.055953318464988,5.036428078177639,5.013427405109445,6.690347808664276,3.876113090455763,4.472427589343881,5.586888395871282,7.4861450437034085,5.218263991336492,4.933653897174526,5.4675655571733035,5.796872756402385,4.266831166161835,4.715839147737742,6.099879077324337,3.536262241742272,3.1122741456224468,4.564497514739765,4.25874791908341,3.6091049085543783,5.023329711753996,5.206821311553927,6.145941143395725,7.719457396839973,5.094437037079244,6.472643163187467,3.9520710457891948,4.152472303226328
Aggressive,6.738017439597776,8.245435543622676,4.034908161258202,5.488455260218781,2.561020541845513,7.583859696592921,5.982927858445405,5.028161274650341,6.810181717263255,2.373636008525475,7.29857703755736,2.9161098550509905,4.157195547023727,7.016306485291379,5.318580583428803,6.3037571018390945,6.291995451934744,7.095549572328578,4.601663187554603,5.845648302264182,3.9793561082981577,4.6154872552970145,6.02587974736594,4.707438287033489,5.020925150614454,5.7464912356450695,4.037946048964082,5.450044597064874,3.7501107065427437,4.2890113503288125
Aggressive,5.749659393290741,10.877253843205793,6.5137576945597075,8.104519445973455,3.874105030567126,8.140327476353317,4.027724934424597,3.389888532924589,5.216136012816495,4.930351099301243,3.6341617089543603,3.2787189278511764,2.8579106713998477,5.297593620251352,3.6175380932801566,4.745651234247457,4.895573787595235,7.589170021023877,6.855757291537906,5.381236833022605,4.14485000538709,4.73722129945664,3.3012563110320157,4.442423496826397,7.5106932166812435,5.058872922056162,4.055756670652137,3.69279108278666,5.7780399870391514,7.177114922310874
Aggressive,7.723666450842716,9.244354862157135,3.648047759514607,3.676788038423639,5.3163402701487055,10.224691517803631,5.166405642574732,5.464791161545641,4.047644421525939,5.070498269821548,6.05504205131337,5.0619101704662555,5.107146634624816,4.654876976808985,5.462724917912715,4.353858710770581,4.520292382159778,6.302457521792327,3.9829500303925287,4.759396219441102,3.855400473850816,4.6039596418923034,5.180096918091582,3.4223439420869823,3.0734376147960942,3.1879856583609514,4.73436647619714,4.452390707444758,5.537389993099793,5.3433585758364694
Aggressive,10.368382888890512,7.006374425053419,5.778975714954971,6.646958786348181,5.9499431279865584,10.039333152238497,5.312807597139361,5.80021380719791,5.368662606209626,4.949895534775183,3.5102643544274867,5.000977628807928,3.8082123929524982,5.831143883653053,7.216485341184077,4.260877721055769,6.066513150609305,5.545205173940435,4.142974636105278,4.808685092643483,3.3539568304636775,8.419422910024677,4.723138931584525,5.470770668439586,5.86423183187744,4.218870358117279,6.393506524895785,3.80381630450215,4.333034813053237,5.636150527692214
Aggressive,9.890860133400661,7.286802752503355,3.7424815665234807,5.20854457532677,5.180457780332133,11.32276575091364,4.435143781960372,5.382076592182975,6.7384043547670425,5.780445579629138,5.4352964434367035,8.248662420375759,6.439332956064433,6.395679762919307,6.624622689968084,6.144891567640341,5.369410706406325,4.818603425800795,4.050290269927393,8.108103424234365,5.93601125099971,4.791220111015168,5.611162404236797,4.372721069806262,4.021309224996363,4.774471925409896,6.689691558246522,4.093008880171707,5.578205136650777,4.280566591243405
Aggressive,8.99409965505809,9.164877890418815,4.542174638825178,5.580066537797458,6.342667319663626,8.060283309962466,3.762906200020164,6.006132128288183,5.692160270041441,5.579226746920865,2.2892414836126647,6.118308032045115,5.01717550106894,2.383283294278712,4.37835333270269,4.984590294519277,4.296213021159353,4.3514165863242615,4.710980928995945,5.459596777648634,4.772056263654652,2.3637215204674273,5.729818892210126,4.03222550860007,4.369692349254988,4.517870249284727,5.703032936510092,3.9946323099924737,6.031682134324229,5.418724903437375
Aggressive,6.7262320101327315,6.713194739508808,4.521384540001658,4.395571259420376,4.254617858030752,8.483983871155617,4.974898536350751,5.5666871730559215,6.462053983087473,4.401897337689718,4.865410398236842,4.120249330194289,3.898782029767939,4.907207578894247,4.42925395048351,4.7878868239024,3.732984677129851,5.471975419883164,4.11191622655947,4.4248486089386585,6.063973401109169,6.473234099454867,5.058971395519737,5.664364463092545,4.005504493224962,4.970621273978481,5.675147473956386,5.65154499008131,6.045359791981935,4.021346082790779
Aggressive,9.114071513178368,8.921604200559447,5.2925770284299665,6.417773741839478,4.987466809533589,6.274944318411691,5.460211400668603,6.0555521528847,6.126416152085989,5.772877841605121,3.3449326109475037,3.8033636389499135,6.25810965867068,5.586487649722712,4.844137404867283,5.837089601713819,4.911201034545236,5.273583594808858,4.5708023523930486,3.795027094460188,4.771093362106573,1.626102007266708,6.182226454744222,5.134857499532163,4.476509740804634,7.252806096794352,4.253950354373979,5.604708684234383,5.243836681365539,6.549790276340839
Aggressive,9.30592297782183,9.775814385947179,6.760609413815564,3.849154124595576,5.046555686425957,9.027664619678863,6.891627098533093,6.1126849762623605,4.5871609236753,4.200654110936066,3.9235299080489057,4.236142659020023,7.062878426836974,3.49368843184026,4.751924035029688,3.9610290362671323,6.5622102327497815,3.1496437015932597,3.7754477566699514,4.821688391302757,4.205297923012412,5.612120625733696,3.436954151840009,4.046421901747441,7.033346243956597,6.15212250605671,5.432191399841825,4.952477447569096,5.357938670042205,4.979289356409298
Aggressive,6.685706682780333,8.687490070552766,6.127988697182409,4.440769668000045,4.430424596213746,8.09847550407433,4.337326293651083,4.51245724971875,5.230933227320644,5.897249491405897,6.9519634470541245,4.627121112426685,7.98863307850894,4.6612393573454085,5.008312033821785,5.009000480106637,4.20523436164612,5.156608760405158,4.537418347869843,5.458712254104675,3.7971404717655304,4.361573735677758,5.524083904203162,6.469929525570599,4.27171985980815,4.919232495437903,6.733422948215578,4.134630867928066,4.349467392410437,4.023015760424622
Aggressive,9.846548861973718,6.585774149673034,4.693452264169016,6.888459401185182,5.11824120508314,9.040314737282102,5.007703661696428,2.0119111477299225,5.01022230737375,5.170814255028644,4.157963502428605,3.2588679092765602,5.776568845699903,5.896537158572629,6.624580809695241,5.525303961689037,4.2426511407032415,3.9974701574427636,5.212686091698422,4.948126547087912,6.936838653978468,6.698232687398416,4.148765877423702,6.289341455684468,5.075095830438528,4.158212974380105,4.238212694527355,4.449237093437795,5.451832523125129,5.031072750871258
Aggressive,8.441924846811302,8.9640286309695,2.358722753455727,5.769638159988258,6.109260200955884,8.76223762181068,4.981898441963696,3.1685043529884442,5.800778843340604,5.336104157105144,4.914411610834613,8.312122365346497,5.042985320464539,5.406040554607213,2.6861619761674778,4.54176827713295,2.422704936480185,6.817797729456268,4.824179122734866,4.678780373583084,4.4729874509319325,3.893054333379215,5.127839759603438,4.061996853226294,3.4561132423714707,7.186699174249805,8.256808394864647,6.259988103414548,4.56999113320966,5.20876328118701
Aggressive,6.24869556479937,8.67572379314127,3.762936932683493,5.3364634671294455,6.987441818341082,9.293607435831088,3.7775858617112377,4.88520913135358,5.324882891085189,4.213509833458124,5.776840100867089,6.961003628796533,6.005208956208145,4.087739898374831,6.647770250755515,4.712998554836407,5.274005253094487,5.396509862529202,4.577269205445205,4.222399880374839,3.9166684402560423,5.007980621326452,4.344633905897852,5.219428170397325,5.840113065594665,3.47413375741019,4.974511254196742,5.58097098853882,2.731016551438497,5.733030630074366
Aggressive,6.216984084936922,9.45819172516824,7.052837059506985,3.7750714269653933,4.917588662784791,6.652951445857237,5.169529854950584,6.182992082054188,3.797901034101183,5.670010578807025,5.644158249749865,6.991466446354438,5.7502733464191005,3.9110645659901033,5.332569961843875,3.7077764635249357,4.85247768343464,5.517164280294018,4.298039449073419,4.818414305108156,4.732650422320723,4.249889487224808,2.877771742557559,5.966626529641262,3.3439297460239934,3.574829477619299,4.621693945054899,5.52258316385367,5.6728412253280425,7.595053831040101
Aggressive,8.52074537567356,8.20507007461305,3.857307769514001,7.087099424040158,6.477975838089282,9.975795340047174,4.808409309778161,5.7974861621682905,6.172655495526448,5.929999990526429,3.912829921064172,5.851147742365115,6.9050080598010695,4.09880930951973,5.2170889890642105,6.728027560250967,6.859793701453702,4.215148806046296,5.901668597738541,3.9634306340676817,4.749914369360322,5.117445734321073,3.6489434659859503,5.782855151130411,3.578495780546801,4.658888334435537,4.453081531264889,2.2933628428124275,2.9211372794836112,4.521617902816485
Aggressive,5.923069481541104,10.77829287346567,5.541240449336776,2.4118044922468527,3.5222742821668174,4.742216155457577,5.068798644300021,4.910991619094468,5.171227500160384,5.767824833925202,4.179147456894978,3.7579774950793827,4.220630663841157,2.2971993896810776,4.172468762145718,6.089469015615417,3.595949061911587,4.450265675667086,6.800104762370143,4.378854913107754,5.27681393044191,6.773405119162308,5.193983288489906,3.2321902961580884,3.734296195998823,5.193207824829628,4.836507086587023,5.033404683204321,3.388576122528116,3.6287971906816328
Aggressive,7.048885616635122,8.6749660162019,6.563253873660705,6.117936083173119,4.893581879618095,6.912082817347486,4.413816142594525,5.941982517671619,6.256153050756869,5.211271963710812,4.14243716353506,5.822199624457657,5.454552204593724,6.2655520876137265,6.13254962669015,4.598450646582765,6.820044328543613,6.551083180375836,7.696113296188724,4.4269388827275025,5.131685770970895,4.455721042967216,6.043434130643455,5.385811666877839,2.8979956182461075,3.498730579771071,3.215542207747874,3.8461889767284942,3.5801181611931834,3.2787642961152965
Aggressive,8.072116123754787,8.06049117327809,4.952145524451066,5.105291113578844,4.146023310654387,9.473765464712065,4.173685589218989,2.8249353779672193,5.716442964430819,3.5087450218228318,7.429989318707644,5.194678694321189,4.310430386766011,4.706728613112637,4.971158191194181,7.670562038155434,4.7967704005904,6.955710783175064,4.727806498056465,5.7916274747603325,5.148000571245934,4.138382384483705,5.0613996797937855,5.194253949167674,5.278802089452925,4.512236719260408,4.511140606645306,6.602037457926393,4.784631263228711,6.7862217818376935
Aggressive,8.268098596055108,6.383035836605384,4.9484400367798855,5.007679383806293,5.842828202262036,8.245156096074968,4.2780120261924415,3.717761133367606,5.915011558063717,6.865511693289596,6.658246701560668,5.0947307710392735,7.723511296105983,8.084142538608225,5.269936970687085,2.940098369458795,3.787649765248746,3.7186774585602542,5.211140694917896,5.126566381278454,4.554804182287738,4.295005534860167,5.463604093532229,6.924199745245875,6.060366834583141,4.244698678632215,4.612967091409408,4.664381435822764,4.385521641953501,6.48400201549736
Aggressive,9.223957161317003,5.86977064068037,5.893585306076677,5.79673766446888,6.271449238235502,8.497274443924342,4.446103598092613,5.37137763685994,5.011216993067081,4.810666701874334,4.995542274750126,5.338645729865189,3.9742225348346576,4.0025099429531705,5.267567966147266,3.3273070795642514,6.944804908845997,4.14623851807837,4.558457617501381,5.22482559151055,5.516173258660442,4.476842031132389,6.624629633945121,5.008692627326543,4.631339234399785,5.1950621222982765,5.16921411736161,5.60778059527714,3.774632758521123,6.9425706171519606
Aggressive,4.84232503907667,10.957377480115014,5.950503845055972,5.510266186288987,5.635121632814315,7.747260212410019,5.915232850192255,5.232824304394767,4.325061438023383,5.376351987245394,3.9548837811747326,4.832512715744015,5.545329656484866,5.0645669810260205,5.4205332628419765,4.266093571654259,5.948172014127444,7.023085373373464,4.463347786610687,4.043526013572963,5.881837860399578,6.351969377804332,4.46431533797215,5.110226258933423,5.719548403646064,3.8734774638833627,3.8370715304308955,5.135141824826936,6.099097988232875,4.840023956810749
Aggressive,7.828170936559245,7.782961782374814,4.965516339969596,4.261550577490509,5.571149944720491,7.08478751743917,5.304257773228709,6.103841894563875,6.567713363475173,4.736406655580223,5.472885498227357,4.708391572092551,5.049807102417916,2.7992727660151226,6.160011068088587,2.8271109487561596,4.973136244149197,4.957516223220738,5.807580838656571,8.032132425261773,3.06020517820303,3.7261103906770194,3.2560705662711227,3.9506533832618858,6.144175786494133,4.009206090566253,3.5945002124602126,5.513490125202963,4.563544568086216,4.093334415951194
Aggressive,9.911164626971857,6.92722826745484,7.30925204743481,6.3950685079425345,4.716418060475995,8.247755606529708,4.71720281651249,5.919370263803109,5.369227649586483,5.108014919868025,3.794242273251194,4.944872754664183,3.757893502740292,5.467654713021188,6.448591371226273,4.7161257320678125,5.796522346192028,4.072660138373804,2.3039289544770276,3.4398772188381095,6.296709731659547,5.129711970278427,4.989133030854273,4.809609227976307,3.3023628103864384,3.701881268956517,4.379476678650991,3.55051770401867,3.6721053503388728,5.237716821701161
Aggressive,7.238609751184987,7.813786775923163,6.923490644775923,4.128542212668666,5.426792398734234,7.599798213700291,4.58001998737078,4.772351869490375,6.767765485373381,7.796769573945115,6.332683321732212,4.720479749334998,6.211125859291014,6.892871100525644,4.29359537559277,4.956420057356048,5.546404210639699,3.0714343109095656,3.391515271477606,5.4746715599349045,7.555611982624358,4.36831266429785,6.3081097282836165,7.422101993555492,4.942600638800329,4.025760298594839,6.180986774163712,4.754171874244165,7.81233005897799,4.370569304434992
Aggressive,7.766052319780057,9.754913886180786,4.82931266133575,4.603728088939097,4.908388310486914,6.96456508890976,5.013363068813065,6.718235168504188,5.029562573548347,7.745840372319446,3.6233718095746665,5.683140325567412,5.134492392144473,4.737750474180478,8.380015731719775,7.427278051997648,4.924551149226039,3.3615096176604315,5.293551235298252,4.424973388458149,5.158643768842669,5.390352330807422,5.469707719166571,6.542082111120999,5.228391217488792,5.270214190581693,3.8735807061623957,5.883806092183958,5.445464279004557,5.363432564691907
Aggressive,6.759308178356761,6.730803320495195,5.967812596620565,5.549339164252668,4.442191459681623,9.156107397030555,4.920083539024673,4.643358611305054,4.440377088893787,5.519257522125181,3.8176466438005496,4.437131016921111,2.993747764654112,4.399552885016446,3.8116013107268016,4.5245955319798545,4.848699757048927,5.378899665230234,5.923433593937669,5.709023182697479,3.8122959971110957,3.8008211071196953,3.263463530263217,4.946719605016654,3.040586067497697,5.453869652659999,2.786072009414642,4.874962825739117,4.681093357234814,5.986837621507501
Aggressive,11.349562321055712,6.5902417124197115,4.42710545024598,5.116432860914783,3.7464949114577992,7.849461953022054,6.866336705047475,2.6253840027965434,3.43001497895656,5.759541515195979,5.549921947390986,4.785123595104869,7.161651768483347,2.280338810460317,2.0143277256250864,4.169079988029726,4.220669182929665,3.1802514352027704,4.008199647756836,5.154808930238061,4.676991042179928,3.7082632029832423,3.3566285555105644,5.929674337371942,4.092207161466578,5.277312436011606,5.154678169730169,6.154249822124785,5.610360965969041,4.177379470825121
NonAggressive,5.107429047636433,5.3139481756017455,2.615799459593194,3.134529333171172,8.37260935317691,5.459942287749172,5.788275467409651,4.926027382375994,5.356321729261327,4.761784044964853,5.072893479455725,8.978415580672667,8.70096620272352,5.6338615168752835,3.080633199658564,7.4064946586915585,2.885899489496157,6.55444679179795,5.019458700941135,4.804447386496314,5.722239769398683,5.9488899868872105,5.887820369547443,4.445490300850406,4.626114541057359,2.622918166922344,4.700386522959965,4.940291391449851,3.4925474139649433,3.3250309615948748
NonAggressive,6.1242096912142925,4.498882472108352,3.726325239334604,6.0173953037257935,5.729394357416524,3.0292297347435717,6.5990218896865995,2.802752303298875,7.156185990115443,4.997844270789969,4.7648589889230815,6.674523761342153,8.26687427773454,6.748594514972534,6.700042537759135,5.400743120462284,2.426654829238924,5.2042161340394895,5.996891648193284,3.9027606804380603,3.8222063158281365,4.654783130432609,4.686631453966846,4.772891963829553,5.314554617675453,3.3520009009786706,4.456190359326219,6.057496562821448,3.1848970124241966,3.7008953525080726
NonAggressive,4.205869947747469,4.996778211811558,4.469564699715983,2.469553230800895,5.805318699308103,5.252384899425553,6.154509018705058,3.733137457231522,5.061944414704512,5.460301132242815,5.0270550298875145,9.832946840239089,7.789528531765758,4.2622280041645295,3.923342142790573,5.090153322515115,4.273496441610607,5.332439745665993,3.8258548408204094,5.812999448286439,5.904006820305549,6.927314260177805,5.20865468833277,3.929134120826353,5.950334183327949,7.235963434638739,2.8594263252883314,7.022950135566392,1.9890501821038176,6.28309316894499
NonAggressive,5.171163227455475,4.867256375023584,5.655818182722419,3.713195934757519,7.124458160798375,5.019318435304583,4.004777355084807,4.665824594841873,2.4077361367361885,6.187762743920562,3.6895710850818446,9.529019117386806,8.457634682878789,4.79019027162586,4.359176952274331,5.909658380353249,1.6183783552714757,4.654480587484436,3.2873038820258342,3.6725020791570415,4.617514553599759,4.567721002533713,6.597206759802607,4.104264938542389,4.522207944873357,4.755534636686641,4.924436280457917,4.719909979130586,4.060115104372754,6.345603852105642
NonAggressive,5.76531675479231,4.546410853964958,5.207673920520246,5.004275802466314,6.812926815135164,6.535000841440705,6.444083443488338,4.03607418371075,3.9645788252438257,3.292806267702357,4.439810562528827,8.298190058688117,7.076460992158573,4.210057393370108,3.5475945270222375,5.558871095589247,5.384592993740288,3.717489797796661,2.2613170675201313,4.760795942380199,5.269403672478073,5.555833410985816,7.111419898358047,6.649139370048218,4.22332383843225,7.354128945552114,6.048063454462484,2.9719854568149393,4.619890235226756,5.094280329750892
NonAggressive,4.636900321633271,3.8875464079152016,4.786973947683065,2.4547556717344907,10.469311823765024,5.717501540435562,5.209159181918231,4.263135291146084,5.724988005595485,5.6506561401836315,5.538726054959876,6.446405533325008,9.278789711829148,5.64753087543016,4.48521038156405,4.319030906245858,4.8070537407313765,4.217879316139181,4.623026813673673,2.9690181976249175,4.080667869894721,6.217334624125454,6.3481488257590435,5.72003616248185,3.0632800827308424,3.6711424836425897,5.67519582994469,3.8038931632846893,6.4074865769214115,5.3105246517168805
NonAggressive,5.0433929339585175,4.068610246265985,7.082424879878255,5.050704818884625,6.6160566410491075,2.8643721410714935,4.208427541016075,5.356469669010301,5.851972773180125,7.158188942982223,4.331374035490585,8.109113454532016,5.478137093546225,6.822259037522257,6.5447413407795585,6.443403934005492,3.5145569746256857,4.566281108754946,7.1966006568263055,5.031309632303377,4.968253338966252,5.863666959493612,6.675546953042283,6.302760093747321,5.694867434225572,4.764082348877691,5.486098011662156,4.500318835785446,4.484439856408198,4.381516152251816
NonAggressive,5.7624807579319475,3.736523291229778,3.014724016932017,3.2493502942205232,7.940942313105806,4.931379492848099,5.385403792080516,5.650069135649446,5.679754895526879,6.243065980024969,3.5072165411981215,8.943700193149262,8.430354127797505,4.353478298894257,3.4187148945674584,5.99892316173562,4.77288671147065,5.403450189383972,3.9241938449323865,5.344873082938972,6.774965888629626,6.148934476558901,4.756205567048952,3.1085202333911353,5.329628313316093,7.091797431074734,5.528264423352889,4.958614756147495,3.7590524380794266,3.956392746533533
NonAggressive,6.195288403678072,4.53088485411833,6.578293348777525,6.786232267317244,8.884517823343726,5.083013792900766,5.16990593321381,7.802358293630877,7.5734543906607765,5.694772871483035,4.416943765411801,8.589978139248409,8.511181551248544,3.861862771879715,3.9730002811713367,6.2503258961236146,7.040907191420204,3.3576248487187383,3.23582951638369,6.668702214846145,5.947617364554945,2.303144479755729,4.436782297409712,6.573433130109921,5.840338070951723,5.2753824491647325,2.958529089937977,5.034681632181165,4.404657590241512,4.131173131113391
NonAggressive,2.410180241653524,5.288509570421506,4.935958138623935,5.531696344609189,6.562075992245999,3.333308129426451,4.85002287788857,5.814341431593712,4.155903082950413,4.5560688249222325,4.8920202059673565,6.978034740255078,6.856253552189056,5.987349192723798,5.23838504372745,3.9246840399327203,4.958182659263746,4.295747836920769,5.217514406627745,4.652444343194402,7.241372739777832,3.4138927752135206,4.614024324398548,4.015616319856095,5.055147175833777,4.903350144976239,6.540650196809388,3.5355299286954867,3.675151918351395,4.1330820099519565
NonAggressive,6.339865809259489,4.4321252356327445,6.803269419448151,5.340061199504867,8.997854258620185,4.062434815230816,4.037647726663033,5.727593008369788,5.66390977275739,6.676059969953573,5.801872738094294,7.955791517973664,8.710144645597676,5.189005845868929,4.248708432012228,7.682882955906667,5.513216575667419,4.32012001347982,5.317259153537151,4.7295360713050725,4.720301495638591,4.728564059952158,5.1532481478540655,6.993202450470513,5.264815678305315,5.316158846834294,5.653571306015851,3.5052297042435923,4.946150033669082,6.396315324818504
NonAggressive,2.0687273606629124,4.432717821314702,5.955169287435154,5.401988742794634,6.725324780636194,5.290196426546967,5.232984373172589,4.820548707214065,5.107821403129304,6.066055154071362,5.184491907913358,7.740146484157588,7.165080554375548,6.655561392002133,4.156039112030778,6.53554550459437,4.646140035954691,5.2122071936741,6.731543761396965,6.103848704495778,2.8424616767769355,3.9313408218806813,5.417058192660751,1.9358058487364045,3.651699272638916,3.4994871053109042,3.7088691568650756,4.193119926651354,5.680335150830778,5.282843920201152
NonAggressive,2.8640335006755615,5.281229362936762,6.317497023430278,3.3796716318550537,7.312324928860672,6.835267662679382,6.385609843792032,5.973039996334269,6.381777696331669,2.5860473452345,3.152503898021865,9.21256001262483,8.632605224879345,3.869213511143232,5.6267029418548375,2.942144066361309,3.350355978436759,5.017616566724951,4.843914388580036,2.9902123311905657,7.1105461143989785,4.150241059871421,5.426657466906771,4.690321749652194,5.423248646543921,7.069240429218494,5.487171748279074,5.609504704818996,4.984022067601722,4.44980618423522
NonAggressive,4.029835269493446,3.244688226417384,4.627695019775157,5.8682366791864515,6.894650424286157,5.276306130187978,4.932876688304102,4.666082068513498,4.826120785487811,4.929809213766285,4.399567827010139,8.420904413157393,7.241602468550571,5.046569711275776,4.876702594006335,4.592164960119773,5.015636821553667,4.303452740360264,5.258278041492245,4.720804847283047,5.68585034881113,3.8404174892417906,5.750049969467341,4.220709159235078,5.431473543878468,6.74781244756274,5.94577749885994,4.694021399465029,5.752263774565196,5.20839913242611
NonAggressive,2.9288983288149644,4.787589960401612,4.546985015268998,5.087167512836627,7.266351735111813,4.701960500093759,4.293976126468591,6.538146826457929,6.126988397995533,4.234165444862018,5.203174521756514,7.681801345187683,8.623849123183298,6.4301826436657095,3.725489572220808,3.1297149109656877,3.1861279837468035,5.2563596294963375,6.809525144065953,4.026469992394889,4.355376918207012,5.98948050898957,3.719839622274538,6.480717585534316,4.221518534783198,4.399319310383516,3.127219566766346,4.542252213333942,3.581756394383036,5.4615298318806
NonAggressive,6.0244015954812005,6.392762029376788,5.059073400326722,5.1106801181169565,9.236407031121026,5.635998855259028,6.075499331661429,5.50799660153749,5.532280692959168,4.3767981898501525,5.312921413338555,8.067390063664401,9.121905713189259,5.4143078639542,3.9861412675474326,5.962153346361597,5.3614898711073335,5.327410815129112,5.92310990870937,4.595240412794637,2.716602641996573,3.3876332763743298,6.859632563879348,4.100293468397333,4.748778652254033,7.8478946105674545,5.265428792036702,4.442437754240567,5.025044957318608,4.7349840151909595
NonAggressive,5.327212450032046,5.097476853121698,6.105491848813257,5.281943612162108,8.151881942570553,6.792808136726551,5.930922095286828,2.877019506377449,7.945383334638972,4.841402534977177,5.12050309253045,6.9756325829570125,7.655310675542735,3.571822742343368,4.898911790808556,3.644202863045434,6.8569741912233955,4.876081884992186,4.187887445673226,5.536909075471258,7.518463856622246,5.3199806710499375,5.647619751326473,7.966149958182519,4.774648457361678,4.99173685607946,6.195136145267541,5.559178546439016,6.572009244196858,5.912751414634417
NonAggressive,5.16828964408307,5.615197227025106,4.92447149841871,4.572995130268197,10.957091875474386,2.8513795826962314,5.36528593415525,4.46054406375445,5.546081940320512,4.268012402996545,5.051212674121467,7.262709552594971,11.653607594036618,4.676924374930881,4.125215712554737,4.124948785784559,6.21726285070476,6.444377848073159,6.03050497733365,3.283041107680104,3.496818252492388,4.186528127604104,5.264983979517854,5.48031140242184,5.837174882979882,2.910183826520527,4.004157806598879,5.457333611378254,5.445247061063592,4.773175157526541
NonAggressive,6.267011699221905,6.594023477877462,4.252919634052294,4.716914847959211,8.085620443650589,5.506320476774572,6.018667537184985,4.462961359370648,3.262725499791845,4.36449877292518,5.489512754777795,6.43719052532634,7.332204270055966,2.3386136645857207,3.9530872163822464,5.59727026244107,5.181454692111294,6.751013859525979,4.459912508944049,3.3976030214020634,4.637883340969813,4.235663369289041,4.349024883493982,5.722748258116157,7.129150629077746,3.3378996984859377,4.800365536782627,4.8948818244053705,7.116602022558191,6.062731859107366
NonAggressive,5.356569049015544,6.325012646360856,4.312451008693411,6.081223604409178,6.51960162754699,5.693749931285201,5.897908913264503,3.1434676909302937,4.366821092458256,5.94240303363615,3.284575058187581,8.823517967315734,8.966772817375292,3.700751761657289,4.460401080137781,3.6384807928987284,4.26493747747947,4.1338362706438465,4.395527733116053,5.782249961366247,4.005480105326054,5.248198534862508,5.368577087317422,3.1090190220245244,4.21479573512053,5.938900298924544,5.945167521919105,6.465654691214022,4.700277439567462,3.861419354536582
NonAggressive,4.440695427608021,4.829620384739889,4.647112524317367,4.850100525466845,8.866989273402758,4.058983814577906,5.554856906012796,4.0671410386031,5.690688098290488,5.428104852191499,3.208744450221388,7.962959600028547,6.515449469252282,6.468957160482529,6.474588509103058,5.4540646008714795,4.931256598000341,3.128701563201764,5.7477702741981105,4.9996777754182435,4.846108306484006,6.503310345772973,3.751348846157372,5.685906928250496,4.016010841485278,4.682662232281253,4.719949292927736,5.209453854046975,2.4964095483799507,2.6965647305384866
NonAggressive,3.221871407430859,6.280833306800456,4.562067310787366,5.575613066394528,5.754588673327049,4.55903455588469,7.452904219016107,3.9985756163028077,6.011401264259847,5.548504001607108,3.4718491149038773,7.29218975580784,9.463097486849618,5.260299603314718,3.258075174338841,5.3941071555841775,4.707692219203367,5.376456682782645,5.654574720858058,3.909173748051119,3.7162630017747027,4.820934819469861,8.085843147477814,5.517912837008284,5.763171342391343,6.71436846783036,4.1657015056939795,3.828943525833237,5.532692910488638,4.852901144574585
NonAggressive,4.813712686116699,4.994056475337016,4.320013554027404,5.903109090479708,8.098500547280159,3.9233815019406535,2.471191691537365,5.055883281232524,1.9668855564157544,5.9096897412475755,5.197198916180057,8.602437752518082,7.402133302698074,5.519159246000569,7.1474420282375,6.288435319562077,4.958911640146495,4.629736776253841,5.869607917235741,6.391749830855386,4.597605106133016,4.237295219008908,8.409834214996234,5.667399346033282,6.084712169391646,5.220051349368184,5.696115820625689,4.584664125241067,3.8535711078358483,2.12997883111016
NonAggressive,4.38688627224067,4.370972838144721,4.189738106787995,4.638753149730014,8.196779799278229,3.6599723103641257,6.259927695637785,6.661848513094063,5.634662971840378,6.40523647125442,7.3278440054472584,8.784513921921805,11.213553168804388,6.014791221474625,5.523827885266837,5.016257110603401,5.867833121179365,4.146829984232582,6.2525983708080295,3.9257501352249298,4.723635304959629,3.1000011247954706,5.321790969616478,5.088887168467566,4.49572179769412,2.8016815620631608,4.713697784394783,5.263639480809062,6.118046887438237,5.856357369839293
NonAggressive,4.735818538390546,4.932782178497887,4.358094624547835,5.5212805278777815,7.942967139838326,5.423688020646771,5.137642506925853,1.7315484613261964,3.6773324350193537,4.734190720061551,4.5948455227798295,9.078619361916434,8.872656805434321,6.626154740006353,4.6949077119053575,5.792967181695351,4.778120757513766,3.652798540849852,6.511686185906095,3.933825592257912,3.7955449002334554,5.4788471860523895,6.772721528028073,4.928832038311084,5.390392036446666,5.191582484494518,2.78593183968433,5.489298200605214,5.564115995609102,4.441960015201986
NonAggressive,4.782079040029102,4.367277870967186,4.405255748592646,5.662793887979632,8.930194897697625,5.496506039600453,5.770892019398018,3.7545055572022106,6.684512310459571,5.851630674865012,6.226656808479339,8.132244563321969,6.119243891475767,4.641688165435339,4.15855584654417,4.835337891333715,3.6464626991314746,4.022992311575452,5.466668567071725,5.272177648939752,5.18964144046224,5.263559659389942,6.264934775742712,2.636204983578589,5.988117645458882,5.560524700450445,4.55634756082607,6.474302092267574,4.933095038958968,6.040443508459457
NonAggressive,3.5064821066412106,4.23561940731657,3.474894342881421,4.327765739174374,8.208721398465414,6.879595448565206,4.616242086639541,7.155635589388922,4.173052534655145,3.6438813904202094,7.308585495496413,8.621705022268749,9.043747419784857,5.844662864344977,5.06461900104127,1.998637349306383,6.984979979342992,7.117094238173582,6.64381637712744,7.11223781267822,5.28894010851927,5.3250863055121975,5.189845139500548,4.903083361040426,5.113659260396271,3.559313255494577,6.281048839852435,3.5598452063114143,1.5475806779574546,5.329116488800703
NonAggressive,4.320266817979892,5.918662749103699,5.175974114073878,6.593744045590088,8.12504850636701,4.0061327605902886,5.304598636117043,5.6065559467572585,3.983881852923203,2.7084628191887985,4.854147752535975,5.962978313624079,6.8435202070327,6.701048148004144,6.106499806525641,8.061680061222754,2.3806788944237818,5.289196128731829,4.311836697246639,5.820032708398943,6.543457929460173,3.362656399708241,5.136022125189758,6.213272899040476,4.873190371218791,4.8007637048774265,6.219448757213728,4.329117959587281,4.705401112777776,3.116059507640433
NonAggressive,4.703106114949063,5.726037546869281,4.554937950885571,4.627573500159215,7.627855706696238,6.7232702260542325,4.231551036896961,6.8087650517872795,4.115022043064806,4.154310948908218,4.6169648262613165,6.908030880274394,7.322081453903678,6.14206291893169,6.3187148550603665,6.781049149844321,6.052471562567112,3.309756963568273,4.469108071950043,4.928119209725582,4.219375356070273,4.469134992532222,5.588602076423328,5.167248525847253,6.039598402312944,4.545996861760042,5.731000787955633,6.090132399577694,2.9015871503044623,6.382550738324994
NonAggressive,5.386904873984819,5.8306495896328885,3.6537251240478437,4.598733831844947,9.21658242317729,4.213387229657058,5.916524655601898,5.710087584756565,4.43010657445865,3.759524183063582,4.386601205256487,9.469029210096137,8.607605320039445,4.0831736592771914,3.768729890504413,4.53969875474391,4.374619134596344,7.478869346957706,6.539787478699239,7.303571045885347,4.616228913967249,5.683631695820135,6.640995205601428,7.583968424216845,4.90277665308183,4.144581704578002,4.491065408143479,5.3344937084177895,3.8718457029782076,6.728212423023689
NonAggressive,4.834388155440001,4.693079060977292,5.1489094163615095,4.5646351945979005,6.445003821562162,5.425882261119696,5.022756073382085,4.699655512909356,5.460029530429617,6.322599138969341,6.187335010796254,7.769860109050782,7.930757755490283,6.798664466412525,7.664356846652124,5.88306490234318,5.620364828512782,4.921244126162808,6.523170731807006,5.0387119711687225,6.358076382810963,5.124103288803819,4.239353895609839,2.4557070095487794,2.7890485485080285,6.540364163753432,3.9605089529714963,5.873223837890565,4.5458096474846705,3.7481962373232625
NonAggressive,4.574355114553514,4.706782484944872,5.126246520619864,4.865424619511067,7.699602366256094,5.595354907331835,4.406482253200071,4.8005590379355745,4.344354978094601,4.741913729550661,6.740763504897071,8.46818770455275,8.30088846759269,6.4737674037058515,6.388379888654391,3.810682473195274,4.476491019149543,3.5699011820074453,4.545573576548882,5.549209033541336,4.085492512046422,3.3565470162282036,5.357157407779243,7.3904627201496735,6.184816672115072,6.252866364971037,2.1945311502084106,6.012202243740561,4.426473058439783,4.507577999102279
NonAggressive,5.319022844612791,5.961837192347422,5.417674480814328,4.428900897504948,8.992854500288185,4.852298340594608,5.797315014002271,6.313438196542888,3.195470169570072,7.314081913970205,4.434883756022577,7.71021689120138,9.294782515250738,4.004315359712288,5.716551286719881,4.32223611545184,2.372107761082456,5.870285239933062,4.2123441676983004,5.474964290837862,4.872156172691479,5.19824960200626,3.9667037563313086,6.86085401185181,2.121622228392961,6.633008768163888,5.300479081694827,6.0475182331373585,3.8785921930136347,6.277149419668423
NonAggressive,7.510514503951474,5.752693476048466,3.543879717070305,6.110393549489151,8.108526127068922,4.675876312428015,5.393581048802221,5.02634263119871,3.652361464820417,5.554000878058649,4.1995969986247585,5.378046473752974,7.7106638371808,6.052311916197642,4.318859227362535,5.197217596393175,4.94946143984286,6.404269403739821,6.900808439767649,4.660871777744044,6.178163132682697,5.920360149900485,8.299674458100199,6.7563186253452585,4.879234692695316,5.115791388559764,5.32975955411142,4.166643466990601,5.0866653241469715,4.634675094342033
NonAggressive,3.240777135434943,5.243819238586341,5.766486664828851,4.015273838221269,9.771129533061671,3.938629567165587,5.283396758751637,4.883084169199012,3.997037672391391,5.614744949373276,7.15052163466212,7.267174402750063,6.84961627801065,5.530103264707601,2.081476191063063,4.287378192250204,7.1617716804324,4.582136603887467,4.753846950262906,4.99600768913377,5.263576348223083,8.112514482746896,5.276883790430372,5.468887284476771,6.135878953569378,2.7374792495105726,5.7963231839628895,5.437950351288923,7.440722800442063,2.7814542996664686
NonAggressive,6.512131843149499,1.8004683242577495,5.515897040061554,4.322820002659121,8.62889683523715,6.862182418879043,5.273920528544304,5.436203274625456,6.215029008151726,4.670690835792113,5.5613588194055446,7.373290356944743,8.537825327516103,3.689122261931577,4.250782271663865,4.446484506630493,4.712856827074572,3.970107512079549,5.607391360901195,6.402706398997017,6.914527362563719,6.364827690690516,5.137112408750749,4.250355399517535,5.689771689657402,2.7901624911945047,7.181598470979232,5.594926202417386,4.509433885677119,4.715587314661096
NonAggressive,6.1837957120507365,4.354935263780503,5.578700842111481,7.625264133563722,5.502386649911793,3.7938834070580585,5.921245229219579,4.539294321678833,5.27275046951935,3.340324310417071,5.040019386975237,10.869924323106122,7.425389553330566,4.805719415458383,5.023013561497691,5.004605641310667,4.1924516601911215,4.868098686732966,5.995925647337199,4.237716749573042,5.635513167973912,6.02473359078649,4.949146241613282,3.7428199346806155,5.189558351963798,4.874285386784649,2.8728493214907025,3.318808262943781,4.999291198469873,2.672123090174945
NonAggressive,2.960383798079435,8.005833406514117,4.313318202435407,6.422527105659375,9.059483197774165,5.315441311279675,2.6615970061695102,5.708722009299529,4.5695094185553256,6.8596906040324255,3.603246665762361,9.462358029468222,5.627999454801752,5.858680709476095,5.597279111823487,3.1236910630181045,3.8037890106308643,5.668403377231249,4.9561488656048756,3.4315685038411994,5.05009110361405,2.9368193907241573,3.6270867634047947,5.521455430710225,4.56182892313479,6.026227660038062,3.340054009805537,5.66160714569959,4.721725531244146,4.020312903146679
NonAggressive,5.0766875032670145,5.74023729157221,6.05369048109436,5.414642919606307,10.9230190306095,6.435318779093105,6.3031837769596395,5.631313071992468,3.95951011246422,4.330181405184811,4.6594995631990015,8.91768943858401,8.459710967134866,4.993520110077327,3.5659918812285767,5.2393384744155,3.5424367484492096,4.937773079456072,4.3538315078868255,3.6068954819874817,4.000466733707926,5.291160917167305,6.4572023558007166,4.716488143196711,4.458558349849957,4.297644048241962,5.181069990116437,5.451637915238482,5.098391984538293,3.34311448816048
NonAggressive,3.2420187943845926,6.072985526345109,4.120524336105423,6.519097325693628,7.086953690234862,2.5092631320095395,4.432358477594885,4.771582623668627,3.828472539323316,4.311400682202266,2.041833363130117,8.296498378311577,7.64292651211638,5.25770071834593,4.987885712326285,3.298266356084289,4.94889449239922,3.979521779545046,6.498787849685083,5.899731693330775,6.264742082075053,2.814248107035624,5.379571950775669,6.213443619198284,5.672466249628263,6.841982407390184,6.325343730067175,2.8449723738963675,3.5120282949899995,5.181037787750337
NonAggressive,4.699875623054455,5.384769932863116,3.8957014156051195,3.652257571279068,5.702415676444137,6.183087277176508,5.010011461360642,4.367788541670869,5.497729079226405,6.028282359062743,5.4003337772890845,9.045436420257973,4.748384335141667,5.844413770843636,5.147353042123787,4.306294727741577,4.728097465178852,4.932371536130021,5.909332872841178,5.3636693444928145,4.002725860386288,6.2709124111490375,5.398790256024894,7.835751201542189,4.1397431370968025,5.162214315374138,5.827810684200743,5.8393114877361985,3.4699798841117557,4.080514653666894
NonAggressive,6.256738721788205,3.0534361684050717,5.924693285791694,5.200612463465777,7.599018922573606,3.4559116227331304,4.28202476550719,4.67893828874422,2.9187831809889464,5.323088707598002,4.079601936266941,9.07066719540403,9.700565776962328,6.025018787417037,4.04799039707402,2.838769434255985,5.93973322302347,3.7121745299013833,5.181201018083711,2.8679259389653553,2.552907637018852,6.3007924804057724,6.1840022193210995,4.975978350795341,5.809752033220052,5.478288866112364,6.110143189250803,5.289854149041978,2.928003994183854,4.4634545795333365
NonAggressive,4.907723905353557,2.887946333008153,5.5787104435477195,5.344884829779451,7.898134130386426,5.378510205034382,3.5628007041423864,4.005403248145174,3.0258776939348406,6.740086151181541,6.369998386243349,7.809887385704368,9.583473221558695,2.8332893669223176,4.146490053650327,3.807693142917147,4.629476491745599,5.310242158981058,1.3274196249688002,4.820625399216524,6.019404402833319,7.829693984911119,2.7666953297287877,6.732790359181134,5.003691186252788,6.117913783702615,4.9703811475398805,3.4003534517522294,4.965724059017881,4.461050813935212
NonAggressive,5.13558309503074,6.4243057225483895,3.7865803466182033,5.909889790748845,8.369849826406403,4.800064336487473,3.56884208174227,5.669878561110918,4.426995451601305,4.1075488846264,5.662603355289785,9.10422631759601,8.855396440636255,2.1259467965888126,3.8806652413051506,3.7702803712371153,4.937843147453968,3.874863589287907,5.50505709264594,6.32269085028027,4.79893683180373,3.8502127021969095,5.70813754647874,4.255779985236088,4.5771911448625175,3.4223457135675908,5.3586531833159095,3.9613713668294497,3.78805547979316,4.880260275906977
NonAggressive,6.798598542578922,5.5666449809823835,5.888553353817958,5.7260892055628325,7.709488486135314,5.580869096165204,3.5517463085049137,5.036689535379316,5.4537362760171115,4.429960962774825,4.310970606216547,6.683244021034685,9.241753505300832,5.7620970378764795,8.019733956707503,5.461788558576416,5.657447939573071,5.614429620172721,4.512962714495441,5.004631784396058,5.405111905514339,4.835325015274927,3.5274273734024026,4.972240931031374,4.710242905759476,4.725713513068327,5.102299046524655,6.36432614434394,4.471344599698177,6.8792966095159365
NonAggressive,6.0903286546423985,4.6582682350904925,5.703457416196569,6.033162140291679,8.783079889953571,6.38005868033987,4.58974864685007,4.322175555909003,5.008380304261974,6.547772692014112,6.422918570990105,8.933582900535505,8.321053167355412,6.552508375315789,6.312370775890224,5.545122916584274,5.692135657140823,6.008019733389382,4.7672403698003585,4.8554077318603746,6.326577622909374,4.95806662170696,5.209419538169391,3.6132099793974786,6.597028640963574,6.774740658235693,3.5440284519380714,2.8161059042493752,6.0137694644704105,5.872881992929968
NonAggressive,5.41909637105466,5.631364792394474,5.89333154292412,3.6082430795572975,6.93439883529741,6.590914258482748,6.937061109695659,5.361294072948101,4.971713261903886,7.888760210198918,5.0394348143535925,5.431244059933195,7.76814992732292,4.3554098255481515,4.255313619275066,6.070772835829384,6.479280374996829,3.7043936740179326,5.278922153603161,6.307574033726284,5.829009792009164,4.660516766400367,5.338728658181987,4.5000524316365675,6.871046505589084,4.798986234449821,4.2365845689655774,2.84441759296219,5.140121319991292,4.0476738529370975
NonAggressive,4.047584665814831,7.008143809980549,7.859333582870017,4.526025785329726,9.355682550136953,5.370590004063782,7.914655687113646,5.719834208404252,3.817059630523376,5.425495401044641,5.161779450413851,9.29201334403001,7.646245353191286,5.596199607593084,6.628243728345916,5.475184661876626,4.6097946360538655,3.8902287416818195,7.546036785654168,4.001305075355058,4.464542037022484,6.065904779789539,4.952603486800783,6.308239379637361,4.601584245717354,5.640009246601855,5.205448763410453,5.024085151632146,3.2716574431897554,6.094750402426843
NonAggressive,6.51359221965769,4.747997942465373,4.4040261701499315,6.381370819436685,5.6412568855641165,2.0406175699347515,5.135399236177279,4.302031137569291,3.3829735883547247,4.020529009735709,7.110491636696015,9.146242047794589,7.81419239721002,4.877600986475242,5.601460363409768,2.9652894691491998,7.5695002663532165,4.8190181129474325,3.9213542776689123,5.9200273178536085,6.324491862766146,5.590151302042679,6.46689549340561,4.177400067326146,2.2476105839798066,3.967730002142508,5.971493112516181,6.372779791106293,5.170555246902878,7.639510067825038
NonAggressive,6.135624037149737,3.5106885962559335,5.044990153649365,5.635287787699216,7.117150695164845,5.737493454497297,6.034862196095637,6.339114275673265,3.6094665509293193,4.759245286315769,7.27173943088618,6.548485093590934,10.004796094030691,4.462097230225687,7.899716311261264,5.601697587274262,4.502187244547164,4.156985896668957,6.790044892767581,6.130142434268725,5.182482173697089,8.402651765907326,7.524001002998902,5.424076094418942,4.615041850505126,4.884563627306453,3.8980250690837526,5.232471173910176,5.9190564335775715,4.177829323056723
NonAggressive,5.418542083798131,4.044576979306223,7.248882324491332,3.9940270848164845,6.106726306659458,3.322566966465498,4.57471524414058,5.270206974011813,5.279867282371257,2.940992993445343,6.432121499570321,9.332511990294318,7.406818460263304,4.230659690705161,5.336083567247329,5.515319413606005,4.331020527152888,6.2266085776207065,5.659180449640169,4.528649298791004,3.306366929090252,4.164373826291541,5.142450291788331,3.180489572952232,6.356875958100795,5.070467687771212,4.410537377147354,4.419533668011592,5.731568028364159,4.237534552172716
NonAggressive,5.178516589958183,4.268826301536983,7.208612025638091,1.7700518182979086,7.823055826675636,7.641498219303507,4.031422533875468,7.446411905564719,3.4764388596548326,6.013518037822408,5.66694448523992,6.616671982439911,8.11023018231684,4.984097468175592,6.1209360393758345,5.413637282003921,6.588156024851868,5.280256116131935,5.697833046908103,4.470119041770054,5.803377317301628,5.298100361295145,5.478280223376059,5.162353875788959,3.895153532461544,4.7527018461113535,6.564380174998354,6.993202585250315,2.0567136337277723,5.550049248030144
NonAggressive,5.246808297242332,5.1501666681434335,5.0778565620887655,4.123449179161957,6.119319461119941,4.391572302513915,4.320502668940661,3.589813608003792,6.153753465750434,4.73283446903405,5.7990569904937965,8.276525756314513,9.24278041920832,7.2275658068870285,2.7788586053030278,4.541497099602363,5.300348656111896,3.387548412213496,5.542356207574363,4.08808119756878,4.396712039348739,7.143080000875735,5.172826944320489,5.88926898282991,5.025021350376244,5.999157571959424,7.385299219601722,5.180044010046599,5.32497235509282,6.635863602277011
NonAggressive,4.480591035557041,4.952283145977779,4.577964539278142,3.606803448813287,6.744180449971685,4.894254222619574,3.9466661660588556,5.01562782158689,4.8391972734751505,5.455080746657801,4.326553117357203,8.120646792616892,6.787536981881537,4.798329438789372,5.505463227990802,2.909136890124607,6.237151730228273,4.503466698983129,3.8840424377079232,4.335051996714031,6.845258707354876,4.940874534928338,3.937016014128946,5.88091460163609,4.65056187751727,4.718290561791428,6.489781246982613,5.881316185364464,4.458443484208957,5.867359322585349
NonAggressive,6.562012381500263,5.065800897517999,5.4980087744455926,4.14899025716912,8.295059324501572,5.846647745447851,7.117827165789605,2.850491620046203,4.751403034875467,5.517367877185211,6.586368565402968,8.900117177870609,10.577379475044452,4.573412297480827,5.796304762165204,4.382661504206824,5.002917657214676,4.1430448108599025,4.012031800680263,4.756463070326406,4.70692303778603,5.836091878651168,5.247241234670414,3.979286196188907,4.755162734288115,2.8791294648783943,4.278732962162041,3.7457008508075536,5.0106580972589025,5.710152654892797
NonAggressive,5.853297897305598,3.7453422451799803,4.127538179203689,6.149550987460916,7.384268766944592,5.201974777501848,3.7650527575370543,3.563553708137009,5.370233269911484,1.9710169001242268,6.7708656899351976,6.827819444374534,9.535020850287841,5.0860546113270715,6.608903771936466,4.155853172935981,3.4172657097287513,5.531030243585383,4.660234643892227,4.742375676884919,4.056967053140536,6.012568400774676,6.354932234015721,4.218061376612553,6.228651909115933,2.975559511923188,6.016930844715661,4.465506676560242,5.6885775198942055,5.574453320810564
NonAggressive,5.3156287194412375,2.8946617687932568,4.599902802575446,3.204027216255387,7.267015624926167,4.602218016152614,5.109810722213756,3.5336797272209717,4.5336588846983,4.589863443674913,4.691424288000147,5.351582620853027,8.89351255119907,4.860854527704835,5.584592827707302,4.867935425161178,3.575091010208135,7.422950732646941,4.6285705679583575,5.610901987938405,6.433478147111881,4.077016251376598,6.109316348868767,6.289228702829854,3.411681545358668,5.220208766091446,4.300425826803397,4.460418458710646,4.899640582866122,5.441212534958851
NonAggressive,2.626170505306187,5.8883650488210915,5.970396885038455,4.670468244259972,7.250122266281271,6.205970573621104,6.401986125508728,3.62170035090006,4.180677889163658,5.822753902185337,4.415648114717812,8.383872532554758,7.816578284477955,1.602183116279631,4.163737546554477,5.059449334605765,6.6605000814450666,4.711491033701622,4.461259803552525,7.228640540821409,6.154280630804266,7.596825456365401,5.08708482595287,6.2125528011276465,5.9255521937993185,4.02653413953556,4.451973159924657,5.080758567218362,6.5584202017363875,4.693366979185892
NonAggressive,4.243372581057094,5.269153902840702,3.8670954595010842,4.771664221465346,6.2086323424746475,4.929416516794299,3.3261598725523456,2.982526503201028,5.612834898515388,4.990347174997952,6.148803877053529,8.359914324007734,10.765761265295733,5.420479997751347,6.431081401221081,7.195296192125847,4.362799923302491,4.2883512928399075,7.723594073152878,5.870400330496513,3.729539402639453,4.447084012230767,5.3510310032815145,4.578809252925476,5.244607642727407,6.848854497007916,4.241777674066801,5.016482981929156,4.998482152911269,6.499802469553741
NonAggressive,3.7276619846938015,2.6103894648744874,6.173122056611523,5.423398902791182,7.019071504221273,4.419665885005338,4.540258666338832,3.2428802023660435,4.518852486506233,5.60946479792173,5.740657366438185,6.435453628278468,7.776553377769092,3.4890135563004003,4.447391186007463,5.811254926755913,5.217418514199003,5.311476512982653,6.13614595421847,4.444568450266894,5.312086751854498,5.002858487880883,4.7247700461086435,4.703488260755224,5.365578015030226,6.008783763364066,4.655472365251624,5.625159431498486,4.199354659021916,4.454152124838716
