Class,Lactate,Glutamine,Succinate,2-Hydroxyglutarate,Choline,Uridine,Cytidine,Hypoxanthine,Glyoxylate,Malondialdehyde,Citrate,Betaine,Creatine,Serine,Glucose,M15,M16,M17,M18,M19,M20,M21,M22,M23,M24,M25,M26,M27,M28,M29,M30,M31,M32,M33,M34,M35,M36,M37,M38,M39,M40,M41,M42,M43,M44,M45,M46,M47,M48,M49
Tumor,160.61651521408865,219.2061879172446,229.33603282200198,241.55392160970067,225.65852027887408,210.45592163720542,168.18614236969532,234.408759242513,229.94068104924455,177.10327262627325,245.99914607893902,167.7554545679558,176.40376984771666,177.28513577233056,184.24385731054196,176.18316721997698,188.64666385192012,218.20144139086554,192.57116629565778,279.71696612924245,235.47633643833478,232.17886261717172,176.57884029046622,191.48850244721368,188.1557833375741,172.83967437610085,251.49010351659328,227.09096832789504,195.27332961194216,210.49187383906775,202.3599764659023,175.51512244367012,219.5705668103191,202.4959403313468,186.93061250336658,171.06223765185254,214.86055891293864,198.12741848039383,178.54029951065718,230.12388360045009,203.56061692504034,156.00704953838908,236.788905984407,162.63660145688618,187.07937073270855,200.96316535309236,170.85817999844772,196.0618749474856,239.3727330451223,234.54907232001418
Tumor,254.08137730506397,239.40576076920024,276.3032954612281,270.3401375978215,240.87519496282565,191.3670935660148,181.53804171262985,185.54314078810555,149.9617810091203,218.17433256304128,209.97844296526347,203.14227677896778,190.97678619544823,210.0497244970901,203.33418469611925,196.20137637638115,219.5353496971167,198.5105812765308,214.78586795940504,223.31893902546523,173.00258395263978,213.5454268212933,135.609486817694,219.70455425807907,223.75790544638812,220.4994339104594,225.3121912644494,229.9073446672971,197.7354674684624,216.0740732204205,223.1101820649722,183.38924578245533,165.66161284510088,212.9923733990552,219.02853669230984,228.24511835905287,200.52626743958282,203.06366053896988,202.39531073077347,186.5926198486662,220.00920749998002,215.8264809202227,197.5933891355322,201.55799455485362,196.12050874316378,,214.86944910486704,165.21212552511003,200.0957226111915,191.01379701943307
Tumor,252.45120870272353,234.66015984232803,262.60435376671927,268.2722371245329,230.30663732413558,206.79832258643313,202.5308111856665,166.18891133471143,177.67701577913667,178.98503102463775,206.6644871182085,185.2793064072514,181.74740000263307,194.0355196688398,213.5514254499392,194.2536794457161,201.74175102930678,195.20856996412795,263.8953803874256,200.65818569207997,,139.33354817108375,197.38127265542778,240.36662227133615,164.19106833672086,180.2450995537003,254.72179852531983,164.22725156467533,219.9009074820532,193.77058257735092,170.78926755587733,214.34096739121176,143.31475981527996,221.80707650300351,181.13726586109811,169.59135434217922,233.08661179536006,194.76570150059504,,241.7230406774336,175.55608199763554,138.20980268396085,213.87564172165307,193.66782435707904,212.266409455068,242.97759108867416,152.41326895683773,185.27330341935286,206.76827643293186,201.9907224885242
Tumor,238.40209958938254,279.6433167080052,161.1264327733616,218.89753616012757,257.0929671711894,188.3117091638701,220.66949874193813,240.86537968667653,,190.26432550525044,168.2388362199732,216.86840453976393,176.44516319739972,237.3199303706537,183.70965482424427,181.7546019118649,222.8848922179659,199.687831626166,221.33479429371647,168.2690789610315,198.8632982558136,232.70511049808562,199.45251423250872,161.79592173869264,243.5223762101202,169.66529886225672,180.1630701620902,166.13311415067292,225.5362545495857,271.8947299391435,195.14890984265725,249.8825552498827,254.72948046854282,202.75876798122778,195.00788580744663,190.98380491768492,203.9762964886882,248.42116009554965,204.35929024067153,193.60137349746577,,212.1579497888952,188.4682218848104,192.75889245626848,183.8984584702912,174.85700007546524,214.43098940675378,175.59124004588,198.40252816066507,191.6153761026686
Tumor,260.85598959473975,218.08172581316916,242.26268018406375,198.70566998041377,294.44094143704865,213.90294264080154,,207.09366913089403,206.00645421077292,188.1404778252122,206.11298376867703,171.93080983253964,179.786393864953,182.92720873979587,191.4832709950717,134.76633328821595,171.21242035252948,161.35268363133412,238.7757908014879,172.46715582817794,175.99069104357474,196.86181120331992,204.60359387897245,209.91923068551088,183.92250872084963,195.543771622119,237.04045447992937,197.74112786259988,202.53163588483338,222.60306160059582,219.4569103570517,154.73883684446426,209.32532787923992,200.39999519021703,242.1602251913574,172.80907579877007,176.95893126619248,189.53248498578665,219.53648663965936,228.85702023375904,192.10885207887173,215.69687653113942,184.55746856590994,198.92521354673158,211.9314855518254,247.73163699738421,225.4491389338187,229.1289751868096,192.61396083895315,156.73559419013802
Tumor,312.3494477260471,203.3045995911607,225.6050754823245,252.91798079392447,265.29084737732,228.85022188471248,184.59823166235722,204.87067577033667,181.87052109309528,180.11412959516645,217.6957335632454,164.1324986707012,205.5591724461246,183.89580515348644,145.71371411791347,194.54293347952046,224.28574697468127,206.77494727595587,169.98650937716855,203.83681125358666,156.7638255789028,253.89963873620047,203.35231572806615,215.8170890960937,235.87241454103412,203.93827405003435,203.5655814062831,177.96539525548263,147.43080436747738,181.83413131883867,203.59411100371904,202.24769616499566,206.61033276204085,169.6787483806355,182.9312390042825,223.1575010423084,204.84748044944922,165.26344089948202,,240.03661108837179,176.05553444862687,199.01864901081353,194.4201599728686,171.65947710455885,199.11241715033967,209.43684899443724,205.35460350532512,250.14596039320554,175.35328825516314,171.69177944438366
Tumor,264.96239988051036,261.31750951570586,187.15063865924975,225.33343603868258,184.4141687154993,225.1298613143947,223.37877496028824,198.64297461474436,228.0896832834953,216.89670858449657,209.34418096091161,187.2886221245901,163.9663657491256,,199.59597552417034,214.03891953073932,204.92048780675117,,206.8773575765855,174.68644311027373,187.0420912569947,220.5515046932503,189.00012701437615,193.4492019175347,213.10335245405906,181.0595796736353,187.90945752677376,156.15934542363976,227.1180251948381,231.28898272506154,223.38957613517633,204.3012334869302,170.58236321427518,187.90216285058847,,179.76843542330604,190.3014071056024,189.15363817225918,226.7047547161436,200.99941688467084,233.60867673726298,181.8684521290467,209.20017541663913,194.23227420516972,212.46586302724774,220.9202196250614,228.32677792971288,191.01730853349034,199.792063351412,223.1525981558342
Tumor,276.5130901293631,234.14758349811217,233.70907552990573,225.29240393311397,171.50127682922857,,184.12103589494436,171.9069241032877,214.1300222021059,198.04525187313948,221.754351433858,199.22295833988926,169.8209019819533,204.0824416495192,151.90166332866056,219.37991898106299,234.55571010744774,192.8250715578907,204.87622623131202,233.52179344586946,199.6050735899094,157.3717792601999,235.17913544157545,187.2890669079593,194.23201854281928,240.1183973551013,261.48224634213454,181.78095092392257,224.84190553896372,207.1192734435879,244.4659892151837,193.42821149021682,208.68482683401814,187.73580521012477,245.81691935430436,187.07175099175868,187.29095316246818,,179.87336917887166,208.90024407773836,191.65861630178247,185.0308374523279,196.56061220555122,173.03621364845813,170.01417601082662,185.97944504121344,253.8558052713785,183.45839202876667,244.83118185928245,216.0972932640811
Tumor,240.18395700312075,240.7117234432669,239.96314933876667,275.36244305942756,202.85081855343765,191.83373783430082,222.68463758950938,196.76986122231065,203.35768452980506,144.48121324760137,205.11959223008998,211.47673572176552,197.30490525228817,192.6342449011099,231.15809423890346,214.84640300388506,209.81170029001473,253.04460615278373,192.02927844275555,200.32470766353208,243.33359534464196,190.16171111561212,247.8010740211513,197.77417196250096,229.50215392696091,219.506051451678,179.30304007664893,210.22442093144215,211.59363371292494,213.09592684354797,254.18533323140053,216.0191950311023,197.0015799080042,173.34634471644898,202.16776633293998,187.08041223733255,178.87654281826528,197.54011187298215,164.31142768066238,149.3847002511988,206.81392298100744,260.29315738555226,223.51211763097777,178.34719976055308,221.85490622351904,267.6665089151199,187.85005466898403,168.16201449440172,215.24707459930923,249.5823823280326
Tumor,252.55882537014458,233.91580092589288,220.18638989596604,214.84575305453467,,195.9699987735172,248.27265947454669,137.0774727546421,260.2850140973361,226.04485023222043,192.26960810705916,213.4851771481319,180.234526009074,252.2542875982978,164.88302125571795,163.22319406082377,217.37092963059584,203.43866305431754,202.24118755867448,192.95997081691382,182.21887489088115,191.61454076487308,230.1076538662014,231.98629908653015,222.73788297000235,184.54880827112558,,245.18422535443491,159.29498921965762,194.47969330506868,204.25806782973567,279.87874980471645,200.36418463788507,217.32946378226976,213.59767515528904,233.03832573046702,223.4695477095932,215.67470362021962,209.34376768158478,219.06630844940463,191.99855425324134,129.3390777678634,183.11013955369938,213.6611874706058,183.61677573364938,198.26298673743014,193.9945065386422,191.1943598915214,217.11296786901022,205.2974758046563
Tumor,238.7364863136018,185.92196952088744,182.65540652450855,265.3078616778213,209.62766475561517,216.8028969572245,186.4304560917735,185.66944879793854,158.59213934579475,196.56559127981268,150.42854698730483,173.0986906237348,187.8411911515749,214.32518525443092,205.76725343939026,197.52799813007152,218.7377063487883,183.8833078105548,206.4878323743059,173.18539712685893,195.43605683061145,179.3109230290853,203.20991798007333,,214.6106827311514,186.1702026249279,214.48185865225815,205.23078551164215,189.18653929549976,192.25551859626947,217.7334410530409,205.78456710420892,188.81184490838362,,153.30743126022514,180.95137720823323,177.7328945601336,171.11435322188248,187.49983641638948,239.51894450204412,172.8765736818991,208.63760409282804,205.4527714613335,231.59568728137006,213.70765038203444,220.78187646509662,245.27360653246612,182.1982503520922,197.54416920453085,183.06819297698235
Tumor,188.68006835918897,196.90092724777767,237.9905900688218,214.75628974349016,237.87488562997987,228.06517505842595,208.35586450613346,,213.1406568944049,207.4054878701902,230.37200362422303,198.43583522507328,209.42183659958945,187.82975421716966,200.13055462037616,189.2506611668885,207.33531125912072,166.75776439217069,192.08895488034304,217.941196713923,169.33872944922598,212.519691732896,224.77197853649344,235.8766731716482,168.28270076737348,186.79133168697444,218.1448647467009,185.36381168011897,182.2486790865483,198.97699519515805,189.99370617665528,211.0132564688793,180.5841520130071,191.3900413238807,200.05988025588212,192.6941664311469,,165.71761549392113,210.89918105866377,188.22760205349343,201.72391867636512,167.4600727692285,220.7026277911409,198.48985333889974,187.93709741250686,240.64784895083915,182.87322738764956,210.05875860473853,206.50076124775478,184.63501132428806
Tumor,236.87289533881074,257.1522066542563,240.94029471378556,249.1369529728317,244.178026877891,207.04409098458783,143.09693986533546,188.38686086644762,202.76134610724534,138.36317885110225,202.86665577446965,249.3675319672888,218.72960109549973,179.99928665789056,255.59118879172502,164.19222063166805,186.13115347492015,233.00773433954566,200.45554414397787,219.4183364927529,225.50580126770586,220.36883144281802,166.53083371731438,181.21519112472333,194.38092504189956,212.75466110892143,199.72982612014866,175.14218645656146,186.18454314072636,220.57867733336522,143.42188425754784,197.44976404533864,223.47242534881468,228.424576960238,153.6296256190171,,242.90972124040155,162.20777103340527,210.94849776716188,223.65607185641858,217.65886624771184,213.04998071250148,199.94956682407803,204.63679408011797,176.0205708539605,202.54893377604705,228.00008127637716,160.37142254705424,191.33028897648614,180.22873379541792
Tumor,272.257236320394,224.2082110445162,,289.7442721177714,227.946910235673,171.68782308196776,232.94002392862657,194.92760409232216,,170.68360581252267,229.64630023632841,206.0243847099126,172.76659309541793,200.28479665549355,198.5142279437515,221.34310558100728,178.27144599358115,181.6552544183416,187.2842293018359,210.3431983361383,168.19312414877203,220.09866210166845,,226.51903493120525,171.93871869063256,194.67120803617644,186.84896076676804,256.58720197125547,201.89884678819865,172.98154328772213,153.58092995740208,209.04246726666815,181.63596985256612,173.58417166873937,216.44098209324153,196.13876937470695,204.60329064378314,201.6734691569041,194.34030991169422,230.52975830186296,152.1650293959377,,185.40299447890823,208.17139773559214,215.50922394146528,162.39715039319472,229.48710832613645,253.70616737491582,208.64783301663462,187.2163654957095
Tumor,270.1842859409568,262.48826627695024,234.4590183892648,233.81695811039714,248.70665316842525,222.09988591529083,225.40000170514304,194.4057863490938,221.60999146378367,186.40590958475252,251.56943223699952,175.1689318859307,217.3402328567676,194.3706169610856,194.88196313757453,192.87433805809218,183.71778943204336,179.80242190900864,174.72634099381753,196.99255007265188,201.88285111378167,186.83260985841866,,200.7101377587864,195.95820649654624,224.00278481233795,196.86137807169357,208.12867398147506,229.70794984155268,249.59364086419947,199.42470642088637,168.65890004386205,235.58038804898143,114.86242046961323,173.95917070808994,179.94007525027882,218.683584042259,196.0444134661439,171.7373748549556,262.4964912673286,190.57343134539818,171.52429514817572,,169.4953672916473,201.0324148044565,187.31846638541285,187.04491152541152,203.1130695163111,194.2780176481445,207.2786375345342
Tumor,239.1631410366162,231.6839885399169,232.167525916979,233.9700429553275,241.61396359501651,223.92663102401758,201.88597717650072,115.04354318230175,239.80397973034354,182.65026969531888,201.7717729929787,215.01007538878588,223.5025325887433,266.818237488318,206.0089290085716,218.14392871751485,205.65312596089757,225.07372267366986,225.55887092699305,232.54944734557932,172.62836008817797,195.5261908881999,225.61960611942018,194.62131404458185,211.7069588183699,204.11408831002458,194.3192082399728,155.44151635930834,185.19775238950393,209.7993455060427,206.090314832321,190.32479446690718,193.9766740811129,252.10316677058768,204.50477981141913,184.70479801547853,169.21142286379782,226.00323193101391,200.2255007673169,177.75146550101414,152.94565570626585,196.8552272462783,250.62116753651105,229.74779457132476,187.3546341877894,212.4363851747114,164.0724970606122,194.85523205533678,200.595600441647,165.77922257636664
Tumor,214.8326431300134,209.5749710293394,244.87918806584497,241.63611069465958,226.95145773057362,215.30161286921293,200.36997517271712,243.3302091564376,168.5311889786068,240.46361789239927,187.96345162241784,239.58885480239226,216.0948962549106,166.2301943985409,203.5741213235515,236.26368562211852,181.6627957151331,229.69073094047536,229.5527331799301,238.96682121686612,213.57406679934584,181.4000415056552,218.20787869674055,230.2392128278666,220.83164900026725,145.66302448318368,205.7304422072375,218.0131418357131,237.86656928080498,161.05897947679503,172.3200697340159,198.6952485966045,263.62457389848373,219.48385186719196,182.046015568473,199.20723209161952,217.77410484666336,208.5421519823238,206.13638933355224,188.9690390389804,190.30359077519344,209.2458369824886,215.89946027333045,155.10148586168327,195.73460569943308,232.92641500777262,254.70967746427297,221.443720403464,214.5918792095247,229.0900920200708
Tumor,247.0300535937081,230.16216931728044,218.3685736795214,200.62185589287276,261.5763411230454,150.05728300503554,208.2240818311345,210.93033410280788,199.3744735587544,131.38023978831876,164.6818590864616,203.35278585076918,219.89179439712626,199.91335160859887,233.69191631489218,213.63822060338043,200.3299608923978,198.8180535443523,182.80228341054837,260.5736828805452,220.57756726868018,210.14109568677426,197.14706346338252,205.0352252387963,151.96883295086195,201.16660901455487,199.02564139275526,132.6382240505423,233.36916926830406,207.28895946765792,204.5873167328439,182.72045040474623,235.51555495682692,209.65267370700684,173.31452288964286,166.07764604735837,174.07408474654386,188.53481576138512,185.03087146686732,185.54220536130487,210.27041236515646,186.57396907958696,230.9619592952938,249.10357730084922,171.32847510829185,232.6344104236218,176.8061562039644,223.56724632796627,210.68817890365037,229.4006053867797
Tumor,211.60818651328842,272.4098100435145,209.94071167981195,240.4119025120642,205.63021120817578,171.97150079485692,202.267144964365,219.6637156162787,202.8820931885213,200.39126727446424,194.3023669857945,223.62347074308823,179.89961932874357,222.1700755382165,199.42099266787454,279.8804008341075,202.88604306025977,197.1456649149449,154.37354333582056,231.93262317794998,176.7329711859489,200.3394269202852,192.58199129558892,214.16197314238252,192.94587429879613,168.99917637983805,175.74031456353984,172.40181774087137,204.6580046000764,232.14646727140374,192.29568190610604,214.88576290096253,222.43178151123448,207.67368147837774,179.02761874920267,231.91311518213317,180.09780551908403,207.9940372325711,200.03162618452248,211.91465849966858,209.52359633217324,220.169922233085,202.3062175561808,214.77723257418788,222.63376617075343,161.39648710263478,233.10286637563522,195.28963971339795,208.35508249815456,203.86276628823822
Tumor,221.7690275575409,234.94940295078027,244.27253920011398,235.81651876032203,260.3606411722697,222.52352801823668,187.2407912367393,249.88943891517218,162.53326451121953,173.28929756176484,198.32742546902494,207.56073248631918,181.62233163987003,191.22792175483042,174.12034980819453,192.6465297951997,161.5570288003201,190.9245606552237,189.83868814575834,171.7317019224472,237.1394346122732,215.0859185090875,230.64481305446,201.46302937246676,212.1181241630563,196.48209524180535,196.09848664541454,218.68387926013426,180.7984503523171,196.41911439605482,245.06861030767445,198.1970139873473,204.66967400497657,224.97055958204652,228.8841226463939,225.09689089676746,172.78557980270924,188.17857149284288,,195.07070449181978,213.58397172149853,220.24744160344656,241.11830227178848,177.38233652836703,206.44150071304492,199.09864857265148,266.5184401335337,185.50632066615128,176.15196254253024,249.16987867532026
Tumor,295.86915666315275,262.04741464680296,212.44869883101063,215.87939282989143,229.66368508508464,250.87308141119578,198.0360235671756,207.45948519375884,191.9728778085463,166.72031108165598,181.81277260106265,249.04339304433017,198.97685938927506,153.99755552139317,216.57090836021737,198.02245525968235,198.6833134908662,193.96967930787292,170.9424251372356,183.29270670292007,254.86084573925663,222.2428559416439,217.379589984603,195.1795123457616,202.398129344749,242.29440222293255,202.8780729413636,206.9340251218117,213.75741218854327,169.23339646748852,196.80017256887913,169.22291162244173,130.63876291224568,162.75103729785553,198.91765651041197,233.07170953812647,208.7016209007614,211.72723807726305,225.4641471357647,246.50610643203703,218.63068492217877,181.39007543743176,198.77382685684276,235.17500855622126,217.67760699785026,180.9958064004663,207.60762805893452,234.01627817842873,225.45345829673897,218.33725700924253
Tumor,226.199410889064,210.53408346184386,253.45973942545658,279.9815434250017,252.63423703130152,200.39319515019795,183.94490495021986,219.69943026656617,229.52466411743754,191.62427838867856,194.62257293844684,187.17571651078057,172.53366633168704,159.88643987598877,219.3520660190641,167.15143091739395,222.76493949978206,143.45921965585603,216.82098325084172,189.41297897794342,208.271195291889,193.55018941717879,188.6274532646247,171.89841503707947,198.99638082849137,238.14665647261378,218.28807453138305,170.59093518951494,192.2784933465444,189.90194026788407,213.35777127426167,161.52342170408144,225.9440259390336,269.35528797653694,203.96515597381054,194.3010432401583,226.40674123279246,173.2767568628652,230.70685576751637,176.72257755422066,267.49821726585475,152.47578998051873,182.71704825696577,210.2082787361475,218.01098435761338,187.64960534756162,231.60592109986044,173.4133824225512,172.567760601275,167.14986095817426
Tumor,245.12088071971638,225.1593568902286,207.35596910979825,255.66663108882034,206.62009675352974,207.00063630767613,223.22955436150494,172.9741718739948,190.0554928429916,238.36951464569313,188.33735254181684,186.54393622809815,258.42561365581105,226.0173304950649,190.10602897469906,215.73040781024102,140.044895921912,183.08056526389385,192.2782985431945,187.0966757029814,180.50740454526021,214.2860393880326,192.21148898774828,196.3396024669822,190.47104416364053,187.67573898935038,215.8193480683545,216.48821574188156,218.98027421173003,199.98387375019956,199.91877160385192,191.75636047124593,,180.3339525238471,202.69875562302332,197.64892612136165,174.18707911452333,193.2993202851638,192.95645329665373,223.86831401815832,206.45301942174592,218.2284367442056,161.60046111382957,177.22743208823005,230.58645861705187,178.64563349876443,203.63773808499846,184.83108382542315,219.74003270464726,191.56732086114536
Tumor,228.17295573855853,213.9091704314923,225.95066932428978,269.5641762974715,247.43286547483555,173.59653163551516,218.51866520075333,181.33065370985113,205.98667690811934,191.45824127116515,227.21760513335408,236.3515732157963,201.70784506929687,128.79222282661624,192.9001481041382,187.67108760432703,197.0474748735833,221.03418381323445,186.43941267429645,197.08985961222388,207.91237248145654,211.99979524277475,208.5863474314248,178.90684078272244,226.0096268007947,205.17605863696147,153.53832998526735,173.51917714769712,196.61789903580885,209.46111759565338,220.19030125712385,242.292700034114,197.5698437194637,201.31077272855305,169.3541438875216,204.96349942311585,208.85955889507545,222.21735523259701,221.9276898617842,207.06042037364588,208.99021673292526,204.95754160883428,197.02890451525164,208.76441235319874,188.28474032230775,169.10395362583068,180.39828613856957,204.2954986540329,212.23993516430608,224.19412227910232
Tumor,290.8659030416917,244.02673143393525,202.22887901554967,255.43799925077616,283.38847765941415,223.67879893444297,208.02690223998752,173.3398176714423,218.2542292302359,199.29081869193834,206.4049720907772,252.04579280279904,192.10784642097317,155.33431107483625,219.96116561570383,171.70141474418722,159.3690567262997,218.76436248526454,201.70690557614472,183.77014776599563,208.8330351137559,225.6813794914678,240.6219857189508,216.4169497681671,177.49665543033493,160.8748328382039,219.67153831681514,185.26079886387092,174.67371081924205,207.8387108096237,191.69031084117725,198.72824483738216,195.50465001170505,,223.0628013917567,180.80978613651556,197.97454700353575,209.84302322200136,181.3441641549875,227.7065538957197,169.1596816628221,217.7620920110923,221.4170601011296,211.81621760900248,242.42673435605698,166.51719093706745,192.51671389971742,159.24431822888414,208.25944017294137,191.77446617265872
Tumor,295.23392396942126,253.1951154737543,251.01681693316965,271.80971661116155,226.99669237091013,212.09966591604632,149.08296896175509,181.0576885856041,219.206712669658,240.97742070885366,247.98967906063325,193.45851525787668,216.6042184777979,194.8516679332989,184.6585090694383,259.07806734286015,178.01382961448212,192.36341211273293,229.17292124727075,151.38179918931806,175.28742438695832,185.01437127750722,191.48901311486176,217.52609470966624,200.7060840117758,191.57403718239192,,191.42712116973755,184.44266708322758,227.90901314843504,209.63419851561062,226.87525732137397,151.05249811534347,241.96839950517295,205.03190655995633,191.16396154333046,172.8569036615218,185.66783232759158,231.21859811641437,197.7226420567152,201.08034084961926,172.77973388343594,218.33579460450008,144.4689824486871,201.37392012199226,182.7175239224798,226.76856945265806,203.61409861130753,213.47856218038328,187.13152668481248
Tumor,252.70334443106032,255.6522446429464,247.83068874810627,262.9312858279878,233.00921304873742,206.54134037631647,187.90881984287833,181.04144099832803,187.86754109111465,222.11250174877284,,228.4374390956933,211.142484191081,209.6125370479058,177.27173912712516,220.53961988741233,191.09162384190424,129.07605513708253,219.13731957340892,220.11100033985736,188.11063557569315,215.64135625791783,163.09809677013362,197.50468208317912,248.39348070782165,178.78358309987655,158.5877113682307,198.6568376213883,235.46227766131736,157.59545215313724,,222.5399019779267,220.87211056776255,203.8033848022835,190.73697528970598,210.04046778183496,230.11208458255254,185.58175848022492,222.294742910443,219.2750449159412,196.42482887964377,169.49676525749715,180.1439418735723,241.1818052445135,238.37192214697433,209.52951486782024,261.43850778465526,202.0261571010635,169.37380003272708,164.39425610460432
Tumor,222.52454387804303,249.7793238318833,240.2568978087048,221.49346143799448,251.0839980219231,245.58006081980122,247.18901927760436,208.55780711739516,223.05628952885155,221.4045170980405,211.31253989932569,172.67993144771947,215.27457616718186,187.14412439080277,183.74375127944225,213.27126690536096,,209.81763348971103,193.4561243908844,193.8794637684458,217.64470839841005,194.76251699399523,195.21622028925006,185.34900931454663,186.12408632567747,227.2912357798843,203.89025441551584,186.9477000437607,202.31630630110706,213.3154934194085,176.6803783034041,210.7263246480721,215.48014561712884,243.84472784293007,210.7457408063641,164.82341204705492,216.5154676070843,207.23484448595457,203.63832330252677,230.40222893002465,211.6732680197977,,182.7436113668199,211.88424631697626,188.85413732165253,188.83131804974573,190.37379021256965,165.84678823246549,192.55623411023413,196.95257430509605
Tumor,219.09592923718643,283.9252872263171,247.16974634885443,216.5347175983288,204.86247163923878,233.38010165337326,184.91600427951897,202.48669955639974,218.2807024917362,170.61521440170537,192.5135105759121,205.6365786193124,197.66117483073145,210.3378686117934,201.8567367177693,219.85914504599586,173.22279578679763,211.90243362075543,199.58296035534963,201.8816217146662,208.90630684990523,171.73254751813846,192.90168862493823,225.22591956750256,178.8590054220132,204.22275724010365,204.0863440204335,206.07287781097835,138.52294331319217,237.7016877065394,176.69391631346645,234.8132821587645,176.2746848109751,,189.24041000665497,179.6374245439202,266.0918445766242,193.89994908131413,164.36476042326308,235.85742176080225,220.93613671053868,238.97420803291686,166.53072830603725,177.44612464703135,209.34153405277755,190.90001191967582,185.3227064887431,217.4635901400599,169.44596858607218,170.01265572233558
Tumor,228.05035933606098,212.4053406832033,221.6342558501124,237.25827709781862,224.27346757847204,178.52836529232948,232.00585517022787,194.66667933296358,216.2663666027784,185.41667414201407,196.03095307372337,205.16686154746438,200.19929554314976,205.86297989702217,253.43058638618697,223.85206980016054,214.0552052152538,227.77044451973555,189.42322932094115,241.19980384208526,162.84606026941788,213.21603297901294,234.12072046520217,164.53680142995455,202.25153138199167,186.85756105335224,166.72488044250017,205.3871317941835,191.49314496757208,227.9003896243816,198.5381949400794,173.2944905715521,196.14451691810063,187.89403942670106,236.61071019576627,209.24182944936524,200.15438169930076,248.96152038660338,207.6579142130638,189.42671310922066,192.02144769202022,213.43089861944455,181.3677654223255,276.95052650762335,207.47866872415207,204.09276457914476,154.5315059683544,143.15492434345927,184.31895924859876,186.6090880969601
Tumor,225.52394900616662,224.91347937768677,176.3394451141878,,249.27978816815977,211.40448289042865,206.83513254530777,180.36084762476057,209.40268616112346,233.93365645190522,181.71622572787638,225.08780721097185,232.25737651891762,203.08454939375457,196.1941673277168,193.27909040465383,202.78400660433354,258.460429687419,183.98092191309976,213.42014428598213,208.98137999390534,226.31353889424454,198.9993708677089,208.60647710821823,180.39226112076952,185.74596050380117,198.36011662377823,159.1236802610557,190.53694232151406,211.4559220188484,229.98024066868186,186.70751094064423,198.04647391633367,200.68142606957707,186.30996927342187,190.82573438615665,219.04910040912534,255.16789098399929,206.70929206137464,226.4105830690733,166.32827140471676,208.77506881234345,238.19988003188158,227.37355295110797,195.17753869960256,224.6339921202998,208.03323965889874,165.66570971539343,179.66933397666838,217.77327439274865
Tumor,219.65002774226375,197.34838683384186,247.46979555425264,,184.6949696437452,197.16098256074235,155.7754493591738,198.11542456157233,197.2271534276198,258.6992280661839,214.7113446039096,207.87297350851148,231.88460184406875,189.65915053626787,189.65304697288977,181.60864168177602,228.86740511196993,204.7382894219578,183.4786399797465,,169.95954480059925,178.68259643892415,192.41078769248463,202.5616794453398,208.27887438181222,194.56806532405741,205.96793661762726,219.18493340551683,238.67331838535233,200.98384851730782,242.12333848445468,203.1105106728908,193.29785590123407,187.29491439598615,167.81826420235572,188.4711206293834,218.6150079858125,180.8204322004286,180.69029153105956,187.52469695004456,215.3528932822938,183.8912005712656,150.94061765314757,,177.99133586443887,201.33145446336286,193.33949809134566,196.8859419615861,233.95769871588973,243.25303512199983
Tumor,208.84496560404276,201.65429766834188,261.8929640094283,239.9314931908008,258.21655838126895,175.2019546066251,167.16751616818527,138.45544453109395,202.36481434708887,,213.65786030953413,206.4513304297192,175.28908121390745,165.44440252544172,216.62817061924224,170.05988058028328,179.16805590560028,180.6685697392641,199.6261227475602,201.0552536451876,220.30897462319956,200.8997002046059,197.44127059510805,228.61265426529923,184.24075077675295,200.58956644133514,174.21276588624244,,220.19756933162782,184.317924046234,241.38917423929738,200.7680781609606,213.92545223871784,161.50040072581788,235.07944421637376,227.27605081615042,150.7036373120096,165.50177221039075,219.91798761953635,223.65159393378397,153.41770237123063,218.29232277319258,183.3257887755085,197.46200819087883,194.60608546059945,180.82679305438344,193.86327998138728,176.8621271926797,184.70020572725429,170.76279584604674
Tumor,286.3750810866534,236.8039186813856,269.1107474652044,257.6694138438226,279.7716613833454,188.68754101709735,194.88727740931316,202.5272287962874,169.51683724121472,,192.3718475045133,229.63226452404734,235.63069035038086,245.22095900618967,155.1586112191974,217.3353595487802,191.6396075476807,182.9010534459136,238.03660181514243,174.71171092466878,205.19033854664264,176.4214193968116,139.3581759064767,162.4245486241923,142.38316667287995,189.0685058897742,167.79454707987696,228.9019173454791,214.46319706450385,176.9609918922526,174.24912279165488,185.61029222532795,190.6004994728743,230.5405571655629,186.819712675046,202.4479480815892,186.1796938831503,214.2214399791349,218.0613059762406,229.6893465719015,223.14039690285256,139.57863808080955,161.96723019156312,205.20905037694754,205.90607347664246,192.9383195332801,224.00757096841653,237.60368912455044,182.8058749490726,161.07097271683898
Tumor,236.88138719537832,238.00266236228896,178.15779520654627,255.58143024239587,254.3962786978951,182.33386861224875,195.9910150454309,207.89768797920283,236.6857757343939,215.38147973109702,162.54121509941123,237.0668383173824,242.6026943142079,210.5507614769786,228.1368311153927,169.71869408213792,200.9725182959605,221.32884919844912,206.48118839863733,181.43366360105264,174.8651405758406,207.2174851442456,218.91246197647033,171.34997550906536,186.53897062926504,258.7278228099927,216.0480929383336,193.7884901489713,224.5198815372013,218.45969377854146,,206.25055467352146,183.44461384008025,223.56849076484443,180.01219412339822,221.7958515765609,223.54551506401936,185.8769487840933,157.81010982907068,217.91081584215976,219.50635610858745,210.8855192730985,163.5197745238999,207.46840777485428,244.08769614801076,241.08308070960203,231.3539514205635,214.61772554674906,212.6841270720024,187.5812083524247
Tumor,275.0848626430239,232.12314418313144,285.34058682479184,223.03502974423188,246.6081650251045,197.28784703682155,162.1241928796759,181.1207649304032,190.0655510409877,238.13834324817014,,175.3361408526855,181.80941439412268,230.43569606351025,196.3865069284584,197.08630206311355,220.25833991178857,241.59750263068744,249.1608854223185,238.84012822485187,195.41581493895325,190.5469259471097,196.1248085343964,156.73828688071728,164.84990055427272,215.55434421643005,161.70564197597162,173.829155415258,204.77154929978536,173.53149055387786,185.97798864373274,186.37354616699122,139.5253956122767,198.53703712876137,190.73124889204,194.27187965210388,165.3241673281318,178.51235964809237,189.01834820712767,172.68084080502499,187.03173730922478,261.8605142817579,208.34358153967113,188.86281074428592,197.41932942772414,230.47097503351847,184.33334598154386,206.54788698635227,233.40752753515173,198.80130883411329
Tumor,223.26582104540537,276.17234245989795,260.8859150057989,261.3111624553103,235.17879020730993,170.96533361561086,250.83533459600474,227.67348547194845,197.963765944796,229.96285158903282,225.21386533177179,184.7605211695054,193.05790976609632,219.49461940087363,178.07509236882444,217.22560123606146,194.31871557655808,181.13729226313413,176.6600255267713,194.37408406569256,207.625189120544,185.29309801057724,191.06462962109478,204.5735225098051,272.328503849612,208.1848322573612,210.3086061244951,199.96970977243714,252.80837220288407,150.68134631082552,172.75418747522178,179.12236089046903,222.0935457093443,188.674205402198,220.0948839922036,135.84793096199667,208.0944914995015,169.13810632690837,221.98727281009113,172.99818365143736,180.32838978250965,165.53739069888655,172.13588778087362,199.02002825482398,190.80232051013272,181.68199372354724,160.46472284118596,181.4593780461577,226.54679616949684,203.6088600365206
Tumor,235.4891510641907,274.25519503668994,277.96648547822537,268.7168380145893,242.41827407734408,185.24241975837606,,202.72603720250504,149.7385870104837,191.35379172291792,226.8419713594698,150.16010579010742,156.17433972311355,173.8570770203088,184.36459916841793,194.97502852388416,246.1684406477027,217.84205135956546,,195.39996051558202,197.67335891770065,222.3747962496682,229.890578819117,181.50634850037906,210.41153064962893,204.0579359066247,226.99204862901024,236.21214159066267,208.97224073881978,,160.52657716384033,171.78640734176238,205.3784219570015,229.76422188019188,242.3531556831108,145.14646003436417,188.91172954576345,205.77375836948215,221.79992866487456,189.94116611694557,192.4861059367609,204.0985569706279,152.6309254802613,190.20163683022716,189.018612111297,209.03080838855428,210.9651873721296,183.88339094439502,199.62146169856294,201.67647223707903
Tumor,226.96819659543277,260.00468441194477,242.13023968415632,302.93027987766004,211.62320748788727,218.8068094854043,227.2810284271368,171.97806144004005,212.62389353984167,234.6241307843129,214.88719782132034,143.11869921019294,220.7883479975149,211.93506414811102,212.85909629996246,193.2554870712295,175.68428076506598,241.25145044563004,231.2254527152449,231.37124444625078,194.21543340543386,206.32659802749262,215.832520325228,206.06747891016644,203.17227551061757,220.48864375906436,182.0330221336958,,201.3135932631064,180.4528819904045,178.4533227474539,157.88295577289693,213.65239727362004,181.06087023161936,202.72965020496264,206.09531360769708,132.85632948236935,193.57713371465493,250.62668246518885,217.06150990818745,207.22585299937842,190.720322276914,128.74512656058744,202.50725334123862,205.4503988275442,175.4621363224229,177.848535935896,,205.48284287234915,158.85826341194084
Tumor,188.93382981619368,254.10236980357567,231.92926331806268,278.16581075479337,184.73444472803723,195.53821430859583,228.1373394355046,230.2631145634563,201.6080715428913,170.73865722710391,153.84285310683796,197.53466361550184,222.55728467874874,180.23843243404883,218.76820803380016,159.0443451559166,200.692567774648,220.9112403462304,224.09696827975796,206.67707119818306,188.90322616988664,182.9364234433444,,187.0868929960134,236.97937619669275,194.96548363423173,201.84373326182498,206.74244060818532,190.90492272402602,221.54165783590855,204.09990779182417,195.52869911205644,,218.9108695727884,204.8312796115729,200.3774564848809,198.84162340836826,211.4315834770909,175.25534180580283,174.06091629085822,208.85466760521751,219.8119535188743,162.0014177898796,216.26416813281506,232.29552302875592,147.62637108675952,183.4205325425615,200.78296547455184,260.8498934722132,192.718203964203
Tumor,241.68616034601467,247.71976088410105,207.66481425232072,235.51186551823935,236.49073715703102,233.25145957043864,199.45002899129145,259.62643901918466,166.81285490660017,195.934023986957,201.05123799045,202.03885153953968,165.33644362223106,207.87195872779338,158.0118590130914,173.49257310314277,181.7913906365382,215.14949898187774,217.10134183141622,207.1066687001907,188.4824707772027,224.2765798630635,190.1300639830328,174.98359023161103,220.38757180274536,142.3360562367268,200.3641778482975,184.63047747720418,215.0750968656039,203.58280787878402,197.53258916535916,167.36470722903653,201.71612835981176,208.07313245961726,190.44817390613028,198.74311597607382,218.3333807111497,185.1782906548367,163.67416605240703,220.36782163085607,212.2281933173662,217.78176798853013,184.7834789891069,200.05733878132708,206.86102341610197,216.4884355419529,210.1263997495478,185.51531487134932,201.37284609125217,169.66758817825632
Tumor,,271.816572777932,181.59724558630398,223.49465100991875,224.5034500984867,203.81638760082473,191.32703564695086,169.6750844763063,208.28072679224618,216.26683994358729,232.86712543846986,210.4995139282725,224.26060350626997,178.09270484544066,183.86353850559618,151.9831618881006,221.41646220840087,195.6990744450507,207.5638436751132,220.05885529678764,224.44525625942606,186.69911894973026,182.89874621244633,189.11134685249368,173.39644630120006,203.66929776802618,225.80980585859368,153.85051243510816,190.0552014371877,166.2701684441608,178.81379695612188,188.23738408556653,231.3626580104811,241.89295934716174,218.45577917091384,202.5257075526166,203.18218249698828,218.7544283267332,219.90109297511026,215.57869680873267,225.16396980952499,183.70697390189252,195.59925524828435,218.40080117412356,188.2346269441679,256.1805245770507,216.82343012073295,189.9218662096424,242.5125596593379,219.51794589488003
Tumor,226.66161372152962,246.74663953724328,217.8269359294052,260.4665615535995,215.48474330155642,203.37387246122393,198.36430183267103,211.37201471672117,215.13516777437445,214.96791750437134,204.41911222724733,174.74374879442652,205.05828160283065,192.2619963230544,239.872939131823,217.51254003476032,156.7403853848754,206.0041800685227,261.0728165071781,177.22646789282084,214.26640120619476,189.42487757060417,240.43725525136185,183.36300734348455,197.03246362050768,215.59602035476593,166.6973464715785,195.93159879619645,213.38327395145356,143.06487979810123,221.27797041759283,171.771601936358,170.36274902884406,231.81477912628395,185.07493183586655,155.88570495601667,205.58371468798788,225.67456902298667,179.12293867650132,207.61840151770215,200.1616140885,173.7244339763722,178.17111962781317,215.6531464455137,220.8591109833029,202.39441115593124,126.85101583015611,248.3180197538056,242.51814873201508,218.8413001935551
Tumor,230.9787733977791,212.28609435392457,226.00552828408067,214.5915544426092,255.8988506346108,225.04231214549017,162.8320268917086,229.44631443969823,194.23586858351825,183.04854429966457,198.4867132208228,169.99408227301032,230.83257333620898,195.7648440401079,227.21003738025644,226.84740593438104,186.1397589318972,202.77827875785022,181.37648760463344,232.5537852681049,187.51806171369404,216.5611466710055,224.97220991116,240.94478568982012,226.8706838456138,193.00646011186734,236.3692771335087,226.60104972612186,164.46692053814078,227.4583474593192,211.20944355942248,196.73122262841179,197.12302851263192,199.2769278567151,190.9414211898077,210.38636558485985,226.91843464904713,173.58390747939438,153.24901761170938,201.1787987728907,225.3392281853697,217.70561830131393,188.3012428928287,193.9389909250662,152.52641801011652,234.11547143587458,188.74534970345056,203.42996516388493,192.77123928217512,178.70344068799128
Tumor,245.01266045069502,215.88605065825934,233.2930528858768,258.348997045162,244.42834016078473,193.8734465579438,,237.1763544448239,160.40048592755988,,240.19695189711734,219.74143445384314,210.97020696074645,211.01540011179736,163.26197617560226,214.6650355286608,227.5757256970372,168.82147583820645,174.95265522378963,236.60626399317002,194.11984543311354,222.81588011671687,175.53267738693103,216.7126556202224,,148.22214469192272,219.27315024122208,186.4655896279525,208.38177915998602,193.84206387180038,224.52114002163697,228.0438169384141,235.61665545314014,231.89612309899874,226.58421152396417,196.67251566254583,195.81506558853468,,181.33171960267998,160.97052316709926,215.0646406219546,199.33644217729193,204.57985934831532,217.47247579904544,201.0594254708144,190.8570541435657,195.18378631959848,185.18375851945257,225.47696905690302,166.3612136522989
Tumor,245.04943878312278,256.78016549309126,214.97053800767475,232.86530953315736,250.5149000957252,195.2107357374751,180.7742003697773,201.33001989626055,164.0558397165657,185.96668586855674,171.47361111851117,206.17893862481316,226.94110818290574,210.81103792492476,242.70101634054436,226.3228838413762,178.063265530691,195.0040370553893,210.00646211853245,181.75150572297494,,210.26090308388845,207.30869275875568,197.86027558486666,175.09138243657208,210.1821600339072,201.92625679502143,181.438564933478,201.46796487348539,191.04835500134735,212.39976970357174,212.58217331699012,186.84060086847418,198.77654610365718,,236.0988198864704,,207.3364666450796,245.2065506635593,137.04827630269062,216.10491545914846,,184.67382493293047,165.59114035100154,188.8685145093474,193.24453949066222,208.33809539817292,165.6509165092798,175.80457884271132,188.1678598931592
Tumor,306.3194410885985,229.44286653219004,223.58367569419784,250.47360343796257,208.53820802008423,178.19827776306028,150.41575422718478,197.7036801730834,185.54622006968125,,205.0125887361438,198.4058531389675,174.9428007813325,193.46110013422933,223.00095475454063,176.11619119374532,221.66897133646188,171.4094653755816,194.51490285662237,218.07327470073113,215.37765775454488,178.19941791223812,185.34433329137138,197.99103600851936,243.73990260207182,242.6437747031969,228.53494616801157,222.0387987922025,166.1119841349079,230.51951542996193,173.06068221172816,175.56337922018508,208.44092223315235,200.22597048321205,199.52828705089135,168.55962431421634,190.51824090840472,167.82371399787922,228.46411538762055,151.35816604380526,214.69004758609185,190.24423269237138,,213.97142572625972,218.22365231735628,192.8614875191221,235.18347131311742,182.41384862352982,232.05097512964414,229.46147894605593
Tumor,,312.12985338642295,238.93504072661995,245.79757739373437,209.06672202728444,245.82508268259386,198.18931828860997,185.2822064004396,,193.73584769884488,213.32482508052905,173.46078095085738,230.62107709272104,234.9557523952542,209.1121573216987,215.2718871073872,169.81154100007547,171.881043374652,198.7377957659872,176.02853427820884,126.02223152622423,212.0563227533412,240.63605988619605,213.16687786741173,199.57712278316725,228.96195046381126,209.31179502571268,179.834290309564,175.40936384571376,173.675182852862,190.0487307187332,219.03152831416136,209.78193395614952,235.49677253016543,195.60878032579825,181.28343425014936,226.04082642594662,,209.19773562306904,214.6845629301221,253.20457622886903,188.23677842023244,229.30097173363976,195.80047852458313,230.97032447521562,191.2166044362274,,263.9105677393328,167.71509043763143,224.30270306058188
Tumor,283.5536297940578,230.7153886113981,287.99472973567487,208.2844603285689,267.08037968160426,209.3231461051008,222.53695885997183,196.84635494920823,224.7730586547301,226.90333046974732,153.42149764509747,189.58738108180825,201.7591035432044,193.89499198952737,213.34547395025504,152.87583290320998,192.8182901911495,205.75939522848378,205.25571783339987,173.000739204021,251.1222652174887,177.45759265451935,205.0757163710717,187.78486103685074,222.95578793201096,236.04833232781684,209.0016995798395,213.5579115223663,187.64100364777852,183.26386324295902,142.12555353498493,179.87416038273417,178.2590175173797,209.74612265408234,168.45918989261116,182.13274523403302,225.9535172046856,174.59747030933892,172.16203309670104,244.4430878299264,247.90816385959315,196.56060569997675,220.65823446385335,215.6445675979842,216.3451689070369,189.2050204432821,206.35203343740648,205.91400159404336,212.01943502703614,203.31032694553326
Tumor,236.86010420286405,227.12848739007242,223.00763401131297,259.9048443679616,227.60774825007428,185.11797178701613,259.22518878404617,254.84851868860522,169.91891204714358,193.9085525309663,236.50708619238736,178.82664381946415,179.76125449087203,204.09799993613137,216.65993351206026,175.02988765368494,221.47860431194232,239.02265782782047,179.26167353373137,187.31582946157786,216.70290523831997,185.27241959395943,145.18284494196243,,192.5736243432466,174.82984816908697,223.78343830489618,194.93533547476426,227.4151004354052,148.19210888215798,140.85643124249648,219.1562502648365,161.61880629456007,169.54094146612334,173.14818116981448,245.621354731393,217.19128854983512,153.8892946051338,190.84031883119565,197.50254815527134,167.18280670417332,191.10546084273173,176.48295073636086,237.87323995783353,195.7926520842184,159.4167782173559,203.9287540022052,210.6747927604033,181.26025080816564,212.91052897360657
Tumor,237.45791139579714,235.71920798859952,224.67080529418195,237.7991103735867,165.00817507773766,195.7593166292407,223.28390329763542,191.03776425402327,224.81884997813094,167.12018201640336,159.50357429490106,163.11693807032717,204.63015237882203,210.14940330253782,167.71142122176227,203.79134915520387,192.62122575022255,191.2710860965405,186.44188766501284,203.8763347481636,144.31787925138082,150.3352496161408,194.57272040705678,217.4323025945336,206.0939582336148,221.00101490701292,214.3320751146968,140.74571241728987,175.63189868063318,249.76544232256168,187.9909979269234,234.67050037627845,140.9062594764621,170.432977814955,195.40345463155813,216.3763537738849,164.14393937038028,198.81962113527993,198.05235727239187,219.1480661552459,196.53824002314465,173.05495014279202,200.09942266554606,236.58308281438508,178.86749798397335,198.64447274949012,176.06100010491517,234.0775938337374,182.9837157875371,225.4380986550963
Tumor,256.5257020501665,193.15744308713064,,219.60328689228695,229.36041717764576,175.02280625515996,270.9867982802401,209.43277738699715,224.16143116527203,190.59910507822002,196.38449965524782,151.893816488858,207.87509346265628,166.90383197507953,184.50731903941104,181.8502537069748,157.69840565133194,188.07732796489128,220.2308955931557,165.07403357984973,210.33346645612906,199.6448799082861,197.2633951834747,148.02665215036615,182.5125505612121,243.2981365208316,181.52747450182886,211.40500852494222,185.81311602885452,166.2095723645969,183.14665590170895,233.25114144225952,228.83178018672723,165.00432260415016,183.56179877887018,168.4824956401422,186.64521576840536,214.54812581093296,205.00507748226082,231.57516087871255,260.44521582006183,206.15313506056762,222.64666611538132,251.01871493649605,175.76989593452163,234.3746237667154,185.81716417928422,,179.97927078391595,237.45089693742287
Tumor,235.88590603035794,225.01314990976968,238.485581907912,320.2875495508819,250.36146731013392,158.7197254511173,187.27508759474887,225.4717042426655,246.66304359634304,217.444641879444,160.87553701180835,,189.2051606837909,207.23397093496607,200.6367642841822,223.7260461921826,181.79307665339718,198.19937431005428,183.66200465032918,206.96177233085788,180.14288350808036,209.7481274360316,216.9536311762812,213.5262462729621,188.64345451232148,233.77439841495178,205.01487195257056,225.69819465749572,251.09026658877747,242.09634582004875,191.07673199385152,230.37810927828133,259.48841142732107,250.4863092426833,170.4064385111461,188.90951631171643,,228.88427809225112,215.85514026018987,206.8221644038513,239.56773038794273,193.41467030599486,211.9436131361345,204.59709220978587,174.91041569911687,213.3225093416145,181.01131646066375,232.65597378939466,178.40843825135192,176.1539221549358
Tumor,228.6290070817987,272.97578769972614,237.0768325218766,252.67144832106234,266.46356477865623,191.393758974911,133.15789639362225,198.4561925454453,194.9060304415973,189.49545478815008,198.2382194739388,198.06392114452854,186.81513777566164,195.0909490489519,214.15725679599805,232.33006115593594,185.73905888049586,228.0936664874508,211.29814230838727,165.1205631690299,212.80469216086706,207.98123703381648,215.2641334191133,184.55071782643694,167.28381264082316,154.72663201114707,206.99464574818404,222.1916068731346,214.1706040361695,216.02867606116916,238.88778156902796,211.6246903180138,195.59928423076357,246.47201391330813,188.30987692184772,182.57853351094104,231.41249493988562,155.20342218874012,176.10869307139538,183.60215875349536,171.8100212801024,203.0568657374657,248.62125151460333,192.85539866420456,160.8836523193891,163.46406445685142,211.93342372739903,199.29649800851783,222.41645515547867,207.58432149981334
Tumor,210.8816626286703,218.55669228918433,229.46905819398145,233.32648004059234,193.83661757952,164.8361656851398,196.3113217468073,189.12645723275014,211.56611033291387,194.28946177746406,188.98928771644734,209.9375780795423,202.37300786475456,204.21153622376852,130.00864958379816,190.48681394720248,194.76070457302887,211.49870248183305,236.39968016392774,175.35913479162392,180.93010107841792,228.6090892837619,196.00569577671985,206.91129546660898,172.21324119620806,186.03448287752812,194.09056847578452,244.92543524685138,219.93237548449105,187.37867032370906,195.4696627878719,200.22281722884455,189.97344507164374,199.09319088674053,247.76999868604423,226.44555483130566,196.60124473776418,231.36867622415588,172.8326243212173,222.1428639821884,167.1906323468973,151.5778284032284,201.81848624449637,201.8309563124869,217.84434722299974,218.47436446372686,236.76058416818805,199.33612881949543,199.8741271567445,228.88173236006747
Tumor,206.53893540964305,230.06724358295114,204.79364480616687,207.99964487782916,267.423912636158,178.17451228732625,186.7228905756909,200.33063630833178,208.49214833343774,231.30102411950028,222.64207202066046,220.31173780429302,177.80186941474793,,191.81569753587183,180.71144836267402,,146.8476282097675,211.37242474486388,155.30809816028767,164.0109098134827,243.93406682433766,237.0623566998048,169.82568905739666,174.85817123560452,221.22668239617218,159.00503956999535,187.49156792980574,192.57817848564605,164.06391757009646,172.41576144696222,152.275542719948,210.77984182718455,184.24876613891445,146.80966961917628,220.56741410357805,220.02904319292284,208.42964282987631,234.38422232949293,223.89413023245,211.45028092677697,181.08322983063368,223.88428820145765,194.32627932251947,176.07416071305983,205.72691664873892,201.51570244589453,206.40359958226256,204.24232718000383,176.85838838276746
Tumor,214.22801273467968,272.4918750438258,256.2329857889487,202.17050453682933,214.7601035202751,160.8927037715902,209.01156985715247,209.38958582504102,166.78926958502416,174.54055613928392,206.97086928827844,184.9030629312451,167.83997600936507,218.21977137777557,195.09464488800828,143.61843829327864,194.62848004942924,254.9800464871858,208.86227044204094,201.88129564029185,206.97125493713102,185.62353511226704,181.32333901965254,157.77805020010356,170.66318840176697,230.8960519564125,192.81960698289527,223.8332054176414,145.2377477434608,196.23436123762045,,197.03199730982365,210.5656619997359,177.66322619217874,189.53663954791992,192.6196277362796,189.7364569489085,181.25756582689132,207.59321051840584,148.75844375515544,247.31242405514433,190.31896529804033,,186.89186829144165,172.9007887154428,175.8445793746465,194.07885692019119,221.76171413018415,230.41877550151688,211.63035097817226
Tumor,245.6629332855955,235.45938359820124,215.9129455834491,237.5937014454701,268.05930467880125,226.43481005459606,205.58778650649887,190.50836965154213,206.4923439166105,188.70490687067294,192.34837191787773,219.82261071292055,211.03311761941737,195.21903297043386,194.63150658497693,185.02173392668854,233.0108005533341,226.92563817498342,228.79695042686035,196.17432750832361,208.1456187002962,208.9651861704204,211.64185176637267,173.87012987820347,247.38982652161593,140.16778899550226,170.82869233716545,159.4859911031163,195.80350111592108,205.69402321252548,200.13430560579218,154.80298345727147,216.67449685031872,191.9552839216494,201.61823664472416,257.5090777356428,193.53276852678255,201.40166852085528,179.39510713508673,230.26880690804924,228.46616425464504,209.2718216126248,192.6502489366723,197.54744086819085,251.34350641702088,215.87772214751914,170.75025728908884,208.55347594733374,199.44263997870192,203.3281430077453
Tumor,238.83005137822178,248.51289951944995,242.59628074559663,229.15197664713043,,202.61546013364546,239.28075043256717,195.8433582452908,168.2363682637551,218.4231093337897,223.46402329298925,156.87337263636704,204.33833324601184,193.625932531294,213.1996239190841,212.33302762018008,211.47729983424813,221.15809426504075,213.83308215970698,238.04815586424175,197.75330079089036,198.52721733131708,188.1478102753135,187.58582257745877,198.245225751475,224.6392950125957,196.90852136050952,205.24511469325103,234.37001783792897,224.5891415174177,178.0114543450075,164.7603857873271,146.5021043850909,223.6558064134214,123.74510497421029,185.3042905394404,184.97302187808543,205.95776809004653,190.53778143636364,156.54972725958197,211.39172849489609,214.6623538515281,195.57684983252057,170.96692538959465,209.7825338537614,196.35159639318914,198.25014707331246,,159.4704837943915,148.44302201494224
Tumor,213.1433911296215,268.11977186139643,217.73486360310324,267.3574385115267,243.65154607215143,258.8586736628532,206.67426329420422,186.13799146771203,169.1448544360203,213.6761978151799,190.5219970921048,183.442694119572,187.12464306308237,183.44350892942433,180.4641597812306,183.83656678781375,250.02421220164445,186.13220337746571,206.4024337092977,192.69602311037593,170.27551313069935,213.70698011141033,211.13312107999923,191.9853532004213,216.61496251609498,194.64300236198488,202.03785716394623,,190.6078338702203,238.61164861226283,180.8944661813983,219.75589510426926,202.69735756836593,203.76966562467578,220.48033222678498,215.62446231953896,172.94642210968195,186.4633600505169,191.2838775626765,197.2565758472718,217.4318819077262,162.6723023859357,,207.96638494547165,225.14005908027636,170.4850585834493,201.6511108142557,207.10521863650771,159.94453490409552,187.82734088724578
Necrosis,213.8542117416399,179.62919209116862,210.21176560926884,174.33259091831167,168.97207919789577,241.38030503229754,269.30784660959154,224.31350150906675,233.21623966680318,222.1496666795676,215.5067339213347,120.583436138878,185.32491581943282,249.64794496297566,210.21016105689048,198.544697314538,214.76586364238753,222.8570311034205,146.30587697634442,193.20050727012128,168.59076887873894,253.66526923075398,162.24428937742718,195.46896408204464,215.57148615974927,215.58205373536336,173.16592286421803,174.6676623381627,180.69290278737122,187.2975581612698,189.21278739120027,216.48427885718849,184.99509860490275,207.44571755758793,183.11604024358314,211.26806164493266,207.77142598823272,192.0021275403757,178.84433571224207,,180.17253842844,201.72057947882868,219.99396244048256,212.3252963629389,220.64516726435212,173.76612099499405,199.1745980912589,183.24147430023834,201.31026206773606,215.55798504929572
Necrosis,188.44102013560314,160.550536614657,174.63413847715145,149.06495746421245,200.7041672981242,201.2756314293152,223.97311392657366,182.1588567584184,196.79816049914766,220.08082859273387,194.12259019487882,,178.4167329715221,198.9345029687206,227.6299540170063,225.07959200150478,223.06251749414906,194.5835464280448,197.3106465124639,193.692788109172,216.4602445892884,175.61833345072176,216.34042172837093,176.1951216778012,215.37604208550295,216.09915752487944,221.66496333543682,214.8665997929636,210.79125821335586,254.00436860446,,234.29497719422318,244.8584753186854,191.09195493726227,223.8349029162409,242.72048858982987,198.73409683366486,197.31085830686408,179.5728433582974,258.0982141209328,231.38524224271407,176.58420815584012,219.60239485283583,194.5778479888002,162.51138151017568,272.05062579704537,178.46598585262134,190.41517670391775,195.23849961200955,188.17192744487517
Necrosis,,226.6141993881266,193.71153320049473,215.91053075364164,204.04144013982767,188.9237758352193,234.86843821020403,240.71348874792614,172.2702213388734,189.64335207758333,219.86521587534307,262.1380377389426,204.13546293340656,123.55113107317844,210.95855136452437,160.9948519177332,189.26213277077056,247.52431386179614,181.98156979496582,212.0353567342478,199.25848029137336,,158.36017944807747,206.66274798460688,231.1242063147107,167.61451929106323,231.80353375468852,176.96777700703126,,180.58351242000205,173.1511444489526,216.3166228034374,210.7910076946836,162.97814466511088,225.16168086192948,167.84834300702957,188.92488881699683,205.2358887839989,180.8521977126609,221.5274392345969,214.7961838666578,199.7215001922187,,231.0775838592371,202.23789520349672,187.79395472338172,202.86305380143006,225.5225819798411,208.5882726348026,206.26981673742947
Necrosis,159.72348880538297,157.78095061469276,194.29016697520464,215.0961009686006,228.4396718869372,244.34988841869605,280.90405620807064,220.79720658975182,237.90203842444515,233.28372531025542,186.3720586073901,228.87132799022487,222.05737348106067,196.29194027944376,177.46940723983587,170.53276160237226,182.90568765405945,208.30609464522118,184.78585191996632,205.09166937038765,191.52146663981102,194.49195011991765,209.4497507627151,195.8958518088158,172.25094981904434,187.62214337892942,217.85329982963614,207.21766974759677,201.69920064106208,195.30345644119373,178.39069830594198,163.80822383906136,207.6462506389183,195.0526269031372,206.18846168623958,222.79452753112832,,122.54338318586132,213.93565856738167,233.45226824848328,196.03248274691575,197.7099253102128,189.77598592262797,213.91576538471838,168.71740562633485,231.84767583134024,203.2982278368991,193.80621460106386,184.84052007477692,223.18952334595184
Necrosis,194.50897536267317,236.75957714018446,220.89150830420422,232.9996900372676,194.8502153655346,226.30717615236676,226.4578873527832,210.78100268678273,198.5092738845384,263.51427149906203,186.6522992583107,217.16865043759535,227.65963741242905,182.29080769087992,166.49557593524182,210.46019744457544,188.90473989493563,180.61848949133102,186.71165372920234,208.8036828950566,162.66567489907828,195.3020885843605,170.2785593056096,234.84630701625065,196.45563005148773,229.57108216620657,224.72334875959973,202.32076009071955,216.88096179146604,214.67997194857296,225.43630670224962,197.7426232434172,206.52557814247496,174.1028575486317,178.82251925892413,215.8614872782922,212.57452650906913,177.00782791798045,201.24758803998358,168.1511068308375,163.78471263503405,205.67972219825347,183.3935352528967,206.4520427423163,189.00371080657075,182.34362561265098,231.1263595489658,218.15880638051027,185.35207001204617,233.48411831479322
Necrosis,174.5145808500847,174.24389414692655,175.9481646704573,185.63690888937472,177.77430370234862,203.72816756816655,187.73991811627897,190.96162550050624,214.77309232445282,248.91456260970958,208.38215587703516,230.57110983765807,197.5247026941388,,237.2904606422901,221.04197205627432,225.6880007111806,253.0130183923714,176.92445847080788,158.31548759480148,208.41576325442992,202.2285441498421,177.3320423501833,206.81795260143252,195.1253271693361,,216.83877287295553,219.76417348333257,216.673989063738,136.1922725963061,218.66963058538582,174.99090442309355,198.67880924133513,208.6947101329715,224.74723291529378,191.46597110342879,202.08004771871106,192.3600944888256,200.03685655505157,195.935142407334,218.13707140420513,235.35611218758106,163.0385798794893,227.20701673805652,224.61152317634787,209.2777950751433,278.4986726238404,193.6815451806824,184.6479517516627,260.6906551819432
Necrosis,156.02117169524655,160.6067479104077,219.91022817443445,206.65320946398654,167.82259079545764,228.88107595308892,191.05294982196952,165.40663639926427,234.0822613608717,253.78801280105841,167.6863307007319,,136.24011718344244,197.4033516413029,187.48037045707,184.5672401858307,,187.20142154831896,166.27674167361226,196.70142778313482,206.76750615159472,,169.76997857072976,225.39012369307864,158.98629279478507,175.48104689159604,177.96023797616158,196.61111428639137,213.77896015811575,207.53856521386294,199.23680634280882,250.47842912043922,191.55779413445782,160.36616414934824,212.44005444777773,197.90927460670207,197.346726208045,190.92211077276815,207.78251700282325,235.3274129030945,237.53482735927003,252.73304203739656,217.7497757479132,236.5995635754415,214.67738505239652,190.52498644284464,246.38561162502776,188.41387145916505,192.58154325877894,214.2379039428297
Necrosis,203.07680273736986,172.30133439405122,231.39837016972635,188.2562452118751,229.82007023531963,222.0404366667208,224.74619363291674,220.83410410239094,229.9670381716533,199.17637189481718,279.53548543368106,225.49092816841681,227.62618614420734,171.23389457284966,221.75263830555315,210.4190121254419,185.43720399059114,,169.8246418850847,179.75653769236845,199.70630698662973,236.59036549205024,187.7004742031234,172.35680810466675,184.92742638192215,184.63953670617542,205.34549035408935,184.38172433200214,185.9465946901699,195.89294493962424,166.88994056287532,224.6084611490227,195.39873020768232,182.73643022678377,207.06551361481465,209.63960662588266,192.3637895849518,185.49154685879253,206.49636187431574,156.5996863079475,203.3888974254642,195.9277695316346,220.56130162625143,210.37410885985253,214.1246140959581,167.4796701210535,242.6725184472673,209.5011253491375,163.4992457488243,167.99382063334664
Necrosis,199.71622597918676,187.10589156688778,237.6468146302674,215.08215963112593,195.932701041546,196.19613145578526,184.65166582407684,217.50188693747924,,178.65716400558733,188.64201360332703,241.11320518667299,195.40943162096562,186.85994591256988,194.83949687573985,193.00915629882667,207.3720148924854,222.42549046860367,182.3439928041135,186.47854145545762,172.4395311982103,225.95777412370427,244.14520912748628,197.99514967711636,216.14155921949737,205.65886290588264,183.49991052470568,188.60680316115267,,218.88012848907388,186.35491482438178,249.6500268497453,179.5559303552384,192.3639866004803,211.1554031083761,164.81682817835,181.46061527437533,191.07227494234527,206.25411737846787,245.94586459158415,202.4659018769061,193.44079247564878,209.3499950938498,212.25887900609388,194.49683432018205,214.41719668357285,206.28130181345367,187.91656841361245,192.7149261433193,216.17851345132556
Necrosis,222.7036304329887,175.20608967209614,219.32531078804362,213.3821706195443,185.05857572855422,266.39677872624895,251.27998895401822,223.17448920893065,232.4109040046622,194.85756679714706,200.7160483263885,162.1802476958709,181.60903604813623,203.0187593647503,226.45432299013794,179.1333979974325,170.27210042132796,201.58853542713848,181.14254696146492,212.20783902381862,196.71489120025402,177.64770647975138,201.16809437716935,232.55537663673715,173.6259045023296,205.20180547486143,184.58731602734642,190.9168122769885,187.80188284851727,166.96634725885696,228.70195886981512,222.89540556385842,155.54699659633468,188.07300275959713,193.30263666105017,233.2160237868457,158.65189769061396,210.72784811654614,174.88116311218653,223.9581310187333,208.40690248149727,177.8851239995194,189.22824297326318,199.5029778800017,164.30060892845543,225.50921347094067,176.04576775948706,,187.0775438337786,177.30729780568888
Necrosis,187.76826999598637,216.58583994878117,176.06062887578486,186.98613782711678,240.80089374336293,205.1685736061649,226.46231378502546,228.67482941616356,215.83152204557595,180.95071281320241,209.43151433028186,180.17510834006828,210.1727304507298,196.07752968252277,192.06320528290544,252.73031364278205,193.77107750732807,195.88737376590058,207.32986912892795,167.3630382290513,193.24072397806944,200.27000202596008,205.36692926170508,189.31189804446302,170.27376310692335,215.26189123650877,223.46700017291712,179.9355774418218,229.0096703544511,197.9362865580509,176.23165017841518,199.17460005768356,168.98256624441126,215.29440109345236,207.61331591772654,173.42189084885888,169.55766641389997,145.22573930409834,190.1318120223577,185.36549984202946,192.81802906651052,182.54968889755713,225.83641958089683,182.18907614473517,231.7264246574251,187.65396787380212,182.22020238947388,188.99916773309616,190.86006240886664,255.37235650912345
Necrosis,156.67886142827805,230.35589081574426,211.01917291622104,194.90117017715625,168.08095989904695,257.8710470905932,182.26561596722027,228.96222854686218,188.66143372639178,248.35645820772004,179.53450835065976,210.8148171648469,190.76533383260232,177.79147272121725,162.34395907866588,223.7906834430631,212.66685064191637,182.55301782632367,190.0464921686481,166.75194392723714,177.57856476223813,201.60650488454286,171.91872310574382,198.82126477892052,216.7859636288042,204.20613650465214,165.8317305489171,199.29916599987527,241.02864691402186,236.16048129413159,192.3074335504073,187.8494097477846,219.8757812791989,189.35195855639012,162.60810280756039,212.18458080912302,,188.95010145119775,200.32503164891952,184.79925219585257,217.8842812014043,217.52807296759673,217.83622177731405,232.1705018237422,198.05772756193377,181.02393988743586,175.85096462980061,173.5450803166616,163.36071327644473,173.58533956200245
Necrosis,213.06351467381802,196.0693889463394,217.54051693867493,164.99637821957356,187.34359417969742,306.58187103008294,245.44582852856115,284.06832104485005,268.5209225999512,207.92718704897567,206.33486140996976,202.5327060218813,,239.94556116143667,227.4623923250741,231.12109956646518,169.50231528775842,181.56878743686457,206.45733495486158,170.0779641100109,199.434626927089,166.81056975355386,168.35059773704228,240.02337620440264,261.94235396391366,223.6582879930713,184.5531131789095,197.12797497013077,212.67129801069657,218.58481981445095,200.08348216325828,220.62706305901156,204.73904124334115,177.61388817894797,211.4240581330843,229.09830937501354,209.3420267230252,178.41314072411336,203.0556237652156,183.99693662374585,174.74786329679827,174.6625845780791,180.0042470447369,207.5092388863618,235.6823218668921,224.0178330241906,210.4174454893122,,232.4278138215773,231.77724144115325
Necrosis,198.2420627820091,186.15595025642938,249.22158359995672,215.2579448217171,225.12669428525203,186.62400208921952,261.9013276251642,215.05231414505755,195.323314333218,207.00115319697682,,201.97128541171207,195.37552219474185,200.85956734138645,172.49311392088515,216.2327488432857,249.05028145676982,181.5380747404647,179.2890420625026,194.9670625486131,193.49518475927493,170.1671697124799,162.89072583438187,230.12485270043564,,200.05577991656784,171.9319132755784,231.42602595780244,165.8533567311962,178.76707860747024,166.66539911068662,180.49299981638026,172.10652791932807,213.3249898322716,211.4216118919518,272.6410642742172,149.08112789492833,219.04526494380207,190.1652204158713,218.0419591379166,193.68731949626226,225.03053046542288,249.53108991054899,180.46517114681896,174.02592444286398,170.55931322799825,162.29444137788164,183.17958532205074,186.38407542903764,203.11294962462802
Necrosis,187.94072799792298,185.331853316417,204.05077751672513,194.56240348777737,229.376129978904,262.3144295711661,200.59390652744875,189.92688711458797,218.33198842267814,208.77543418076465,251.52701318350358,198.71186932477522,193.13710664896317,150.06320175586467,216.54501262815273,193.95120303021528,222.52213056422033,236.6049020469897,176.87018155415657,222.95794461073513,216.826219778851,188.40358658924,173.5709069121564,173.98044334877298,187.51204632023712,201.93138330745404,227.89631615157316,,192.72235581504597,163.50778287945263,178.60089564858941,193.5888459136383,185.65147645701134,234.3734950217966,186.14338507182208,150.48814347517032,226.26273176018884,216.52976412461086,176.09470262300755,197.4316258795284,178.46418264534537,245.5024398296992,157.2247319514379,175.11118404161778,188.386268911033,211.7558403990817,226.61382832968746,223.45377928671468,213.3844328893117,154.14174132960724
Necrosis,182.20555334309785,210.28824453882157,213.28595114319432,179.80794096326406,185.88459009105512,212.6515588463838,264.2942890954293,217.73877627851195,215.86839249592418,190.9827465393959,197.09472744877974,163.5818984247045,173.4073217419626,205.294832841134,203.51382845818057,235.21957684983587,175.0969539558609,204.08679171684156,237.60347454544174,225.98963719471377,240.71047717129085,160.53214562390505,216.5067262204684,168.40655498609067,260.9872624431316,224.32104351123508,219.76614639372576,183.02381068950683,208.70717701594123,211.6022750048783,183.5607029107765,201.96732780760578,135.85544769567167,247.5095272416135,214.56861955281275,187.92098280303782,219.72154991375763,155.89999352111923,225.76242865817414,196.63440720857588,154.94738117942921,200.1964603198519,223.18633370811295,219.26255030824245,200.74259660715686,201.31091219870447,170.6825593135017,198.53528529414268,212.05582950912697,234.5321503289797
Necrosis,167.6598398491153,187.16067511384887,211.0842098453487,148.21735579727948,188.7007421789544,265.5822239581233,186.25889271688516,223.67100134158247,242.63903934086113,234.68528226214576,212.0676697530281,186.11521926475618,194.54864984470234,198.4530407264955,219.61676511762988,213.62321270204407,203.0455350506449,181.13545984465458,178.30801781631754,168.55286834921299,181.70868966900917,208.25743428655986,233.45927480324153,203.63173092624257,181.9585384932202,199.8435437220214,184.7429997773197,217.92092195289254,168.63536539940966,221.96212676982069,215.61256924983977,181.9813444643263,181.2845038216627,188.94863159918444,212.7880235027125,176.2584121810456,163.99962836923467,194.74334022612862,218.38581993952252,157.17627199553803,137.27697061573227,217.256516058943,203.24869546838804,199.0631315484321,193.31311533764548,200.00369803491043,217.66029715607442,242.2757123404995,212.27220696220738,179.86599854101866
Necrosis,192.69514216151242,200.17030295665285,208.79000427991406,209.14841137821713,205.66295520854504,275.2688481333911,236.39968236179706,195.5693832322884,215.18502132353242,241.39000630955113,186.76956480381338,186.03815888244554,196.61993104257445,195.33597502887676,192.0942846830465,186.35755937904293,231.29120614691578,207.86916058844386,175.98841361578775,167.78654911274495,193.56373265620405,209.16798575462255,206.44122283298347,208.6422554074734,218.72886655604634,194.61680258629,235.23875064928865,192.66752583442664,181.03917225819816,131.85104081244566,221.20843769807138,166.683386450414,233.44161889012645,127.62373639626483,203.87960341992294,173.8087638711574,211.93456493364786,181.7389972180974,235.39612787312208,169.95408744872012,204.08295602015824,205.5235479042205,183.61947849326828,222.1514362306702,168.52869703412776,209.17485220595532,,175.85153525903175,223.02555078505785,194.4810400549087
Necrosis,180.7726143507391,199.42798902417283,173.98265291031475,193.9385688012645,149.92278068096033,255.27649998788792,252.49244519131847,257.3388826409961,205.74962198268088,233.54689996426526,196.9359493603155,208.89660103668848,244.25618056152496,222.40420305525407,210.2119424595804,154.62096731829092,209.76577954990486,165.1812258528888,209.97408994400493,207.31555741368248,175.03531768673335,187.51393791840266,228.38256326508787,228.25815999362953,250.91146854068052,166.22506526819996,216.21558358545866,220.7551754877906,229.53592380757823,231.55166508973403,218.0657373716625,237.68438972877487,203.98050277197248,180.0473029119566,159.7650261122627,162.06828350764732,211.82854845526103,160.96081169332473,199.81218094727654,192.38352252184637,184.54955274202803,216.78725297504715,191.31737565709386,189.08573436388244,197.9463753223983,196.70813132032168,203.99763943631731,228.81210666002573,194.31071583316074,215.9552598028266
Necrosis,186.11642252073426,177.21394797701447,,196.3961123898176,182.42410058243755,233.38194106103998,173.3731971088609,229.6156336535764,220.78100976799135,203.39731224847026,242.04386292686885,227.85846448278582,214.11792787580083,183.85431789427062,156.85449167352556,245.68828607879908,166.11386703479965,229.73160960129823,206.99823517553068,196.12295467583567,198.5375242611788,223.5779208505423,241.211612724526,227.27962735209724,209.5518064366904,252.78760784432865,217.19704029156094,191.73247421392867,221.75644665835085,203.30860804701555,211.8376212882423,225.98017432290527,212.5135505836671,206.406350722728,186.58262995038248,255.60628000242457,209.1398111941193,198.90017307513685,,229.1190669529067,204.64238387150067,178.6977760071719,189.2394701890462,169.6264815646255,195.20139946108912,200.55890140054234,195.3697891955677,227.36248720043034,169.36177531485487,212.611814087506
Necrosis,173.59061388651241,227.9680455988986,149.32504722575464,204.62102792106646,224.3263216149692,235.28566145876965,180.87906557154585,244.1273986638165,231.60889137205103,176.33162941333842,179.14076768966967,184.3350509980753,166.43168854611193,207.12516887810426,256.1170879429855,199.37173590761833,182.6435099687473,187.50155639486982,144.226997039766,158.4174031315676,215.03582933719795,190.9740280858861,159.42479847963168,204.43470758776553,192.99595143814554,216.36432649505855,181.54284971348105,251.54668613912352,166.4002509036148,177.0705539685725,156.77532076064935,184.62069996617024,197.17520676438733,219.11345222436137,196.14164734148972,213.34904681576697,219.54088843303091,,168.74541801395645,201.8991895744148,226.65347602956825,237.67124237290284,149.3938242411586,158.45286764044238,161.91974448676518,230.10490167533882,229.2986648058964,196.10038946747306,199.41421405207961,216.52563748513387
Necrosis,210.44365630568697,245.3057872732424,190.11009166293206,215.25876158469015,201.1695911001248,244.29493660625207,221.11174908953893,223.62667195446684,211.820324708152,207.09222402206842,170.3897441158318,221.4767728808635,187.38020327129405,204.03038445242498,161.8253762459736,209.04684519778843,187.61625526080945,265.79045032779635,216.569834052461,146.66115827556632,230.28501417030387,205.35925448067698,160.6611823934074,169.5937356287442,173.66487800293638,236.80727603597052,167.44123038364228,201.0989264401971,177.65052297341734,183.83319603212948,210.388627956426,211.87563912976714,171.35010026049275,148.238572140614,167.9223411160421,190.66743498361632,214.23735093951805,212.26376198635302,236.1788674776613,216.42106360291484,181.28348666100126,207.18994036037537,149.55862342188647,216.83161440092326,216.67321421176578,171.70177751505327,245.01034855234874,220.18037079894884,233.1718614916407,225.75711542482176
Necrosis,,187.9338037393838,177.97812316288773,140.22978237677222,215.56541805262597,258.44387219409924,220.30725859280633,300.3382186450477,203.77608831508812,197.5140376120599,209.6525452853131,201.94297961591687,222.04759494913995,210.15919463508482,231.9284489172657,161.35319898171156,199.5205323399551,190.88236472938775,222.313059951669,179.49259023221515,175.43311567738135,198.75062980310616,205.8625991514067,212.41704465074423,177.10288947299432,219.09059684492922,169.7606241046915,182.49692150941573,197.47655696738448,226.04808602582708,168.21651694306757,220.96168841350328,199.31045031690132,212.45191127690356,182.6846052810101,196.99138970001616,208.96070186671798,245.43589300290245,164.00751025546867,184.05666142367042,186.54507263524297,205.26604501594548,162.1914729157901,165.9060115902134,247.78344750581198,,188.83866841797237,263.9062592188797,187.6822241635735,188.49849332942233
Necrosis,202.59167786174027,220.86376705786788,159.7264606397673,247.89538303135495,222.94182423925886,243.01278106471113,207.10329063724822,206.09757518032708,,204.46414742348006,225.12255036019357,203.96676918308336,161.78220260855744,175.5765751337184,185.16231141923006,194.18412658511636,196.34241767660797,185.05531507611093,182.83896071323568,196.0139330708247,,166.7426774290326,202.17104513166484,214.09369618241718,206.6865961410052,188.95134849650933,207.86349929806502,209.1166070253909,211.87758460663593,212.12827114524842,211.76600559097557,165.36249593753718,188.03942554946468,176.4896491296545,160.56710896287123,152.07955626671887,236.0206165998381,192.10770676415405,237.9413655396909,232.16245160029723,182.3550401750009,216.17429396536568,228.8806361498957,197.10735968082037,216.78773188598674,209.0853397444967,238.65935231983494,,215.62171989824435,190.06033553387215
Necrosis,174.9324499455021,168.02620009676843,224.2317379996468,221.28838030000765,214.0008449381767,232.84838946640838,222.4776403259507,207.55699776756023,233.51571131769066,223.66333658798735,180.59831372377872,212.1270525887608,221.19237040866167,,196.5483369477373,238.02710970117445,192.18152920772968,184.6622284200682,239.1694380528,196.42576435024964,218.8371974382403,166.30617323910144,200.13177064295124,190.324430008079,218.94014764330439,220.7915350880886,171.18855979195618,226.20587101595382,215.39972538026055,229.86361581549363,220.03385873994029,227.9666976640061,168.8284946701994,208.1956085681933,243.37136740649134,193.9351048606077,207.53499481504213,204.59110901137117,234.1193095763927,214.67618760369263,154.63442686192505,190.85797899797188,177.88009225106552,199.6254250215355,194.97675123572736,211.39404623276545,251.9776355404532,186.79456556578646,154.36208582993478,200.94430653862096
Healthy,198.4435508181517,183.1410427137934,215.39532500125367,193.44780593068282,227.23602342784207,252.27139227860312,,147.32798141113656,195.9416422348302,179.73976954006704,172.58143968937594,172.10111276450715,213.27336726479243,141.12273729988374,234.93457967410237,233.3328959917942,177.28040223370476,179.52722796596095,200.1562886949664,,199.03285127851439,199.6579426335327,182.09917966929953,197.24022717140429,179.65307919390798,213.20750346032005,186.45276336628777,165.80609975510055,162.73470511409494,200.56381366055598,198.25805617585422,181.37678367947694,221.53179945551682,238.74212466839927,230.80375970109642,236.1646043414315,223.64666789924718,217.2034483813921,218.9993354442494,216.81851920116787,202.83706824905784,207.98090379662182,205.72668758105453,247.7430710010707,201.86372628740776,,227.8521315811748,209.49694001019404,215.77089761011212,203.32432085216357
Healthy,201.97418207370845,223.68015994324512,157.5500621116222,205.62253526828917,156.200902851393,157.83155418556152,144.1896973324643,213.3365838726858,169.0313688924732,183.4975780069521,214.6174008145938,183.1948654674793,187.9183147873208,221.5219070366252,213.0506538388116,189.65719592908073,208.2134886394359,170.7829959018109,184.21782709987087,237.05826629716285,166.54038876715623,182.6624389200516,190.1845883488979,184.21430347630542,208.8330849465957,203.53137123605288,213.3390997375061,216.35560982708688,213.33578220407247,234.22042515201937,224.22758203662232,194.30883926119986,235.99392892678281,184.9162350862225,188.92204973246663,,220.6016542664003,207.32132370778083,196.19592930881237,196.43538150125426,228.6667833908888,198.37885478408424,217.89892205342016,143.99327290254664,153.72776268453893,232.17979219142924,140.16611767487404,154.23931784975295,200.01477434968695,221.9747984721024
Healthy,145.2899759665268,199.07819255924443,219.26540146687552,186.47898954400904,192.89759147025617,219.8612678661942,204.74661649263595,197.37883790413483,179.6794252989098,182.31185653758257,202.63797508364567,190.27217722046765,170.2519902144818,163.03415357581642,152.70822951139166,182.42048579038422,199.64664504508943,230.7574290432466,221.44644019964812,190.6628755973096,,184.49374070936102,159.40188240788163,167.25410818671776,189.04832356352495,195.0294337508389,189.881879256869,171.00309230791868,187.36701332647377,175.70100962852237,230.6359408184143,218.91789125135267,195.3409800199805,229.10067746339502,209.99293206767365,204.27190639520308,201.71720925217517,161.1411396450597,211.1208622393676,222.96655371885674,213.9382810961099,202.32624396145957,209.23736642678253,214.01182319442069,221.41961117345403,212.28627932377688,234.56236607568337,,193.67350927071442,220.06604736751672
Healthy,213.39173355623944,209.91466705840543,229.0769516543665,165.93653892434736,210.65918434823493,186.71356293226546,217.548196629423,186.70236432304628,223.17279092135888,,188.09148198051784,153.79681315626505,192.1971800622403,234.24823281698713,237.68556116834412,242.9769889016474,176.24122866117037,191.71672990476821,181.99468595589434,196.1833685402652,205.06638809286514,222.27906189877544,214.7778266082405,230.90375169617698,190.9519149480155,236.03880701637027,199.07783291921734,209.32647606160924,238.77007611188338,153.1202581994409,201.66460978386456,156.32331330459894,164.2649473570133,201.4509825026209,176.0914632026087,210.9684113107607,201.87826337132708,181.962482031886,,228.7327833926114,204.2220642026644,178.76172529834153,180.6526698778352,173.00849503704214,202.31686797321038,219.56037308176494,210.67910264366992,230.5054633363705,207.36307144261426,237.51992337507747
Healthy,198.69042099903862,153.1666004910582,167.623335793477,191.12991587294167,191.89518682372463,182.2963036284302,213.1328318262615,227.58144469458898,,218.45769238523908,185.05395685775156,168.65661457822324,162.3456847071421,185.62650990038642,194.45563140373463,176.15466863720897,166.96771438340036,247.12909672573574,201.50514052403037,214.59092281958814,224.47038376572226,186.49494499653068,193.9766775302942,203.92474787249876,172.48659797969844,173.24619747713626,252.51993491041557,263.5758163324303,160.96492894470052,213.55941026019957,213.11636738490986,206.25801584317796,177.93486165468497,174.96812265989874,231.87872661880405,244.74507877323393,198.62929373873774,165.15594398527963,194.5547750000044,187.6161769244364,179.91472779025278,193.5247518546296,220.62055025455336,221.30331330817356,205.73108135591343,209.33442886810462,205.7647121387046,183.76438973422785,232.0156131927598,166.0512417265718
Healthy,210.00244515776737,208.65879845465932,249.22190452488297,169.67665776918298,,177.15922383582688,232.9082417661434,180.188920766045,188.4963388019539,236.8971588195924,159.87543051961794,203.6088563276545,229.33762165662014,235.5525504939791,192.42572787985574,228.84369388427987,203.30337026686436,192.22251910283435,223.69801179260512,187.93073613893557,165.11075717413314,149.68187309185362,207.32874090454536,207.38223812698357,204.8898992533621,177.43883172329518,220.34430992453954,,227.27362310562364,196.12720526975306,208.83617121398635,199.57217246336285,169.96004042269422,207.36951551067884,193.36589971791147,182.14940019913485,244.2866343343143,157.697087562565,198.90134249450793,197.53380932232577,207.26564947682994,185.28038779437412,142.83245029928423,184.53305497304112,185.40759743361477,234.37045220950262,212.59215155303153,210.16428167391578,239.06493617009542,222.68683785800494
Healthy,249.48316137858617,192.8876621749275,223.69026012801908,195.62566684873025,174.45392348500908,183.5718697588433,203.35825784951547,222.25745648732337,232.33663896448357,,196.2574077269732,182.93075526808803,259.5169552617946,180.95722068355698,,196.70729366241864,216.31794138750928,241.1911400156792,149.3776331126326,189.2128147253623,194.86840550135784,196.9297919504886,263.08552479611944,193.63059442178965,249.48120347698347,184.0528006182013,165.15221336249945,215.7643306209648,195.02574086235157,165.3853875760725,221.35997800084425,231.34846924766498,210.1492446479629,208.19513815758518,206.08294873696588,216.97869900336775,,170.89464326715395,189.4308198321661,202.08867427050296,197.41250269055593,209.15515983694243,206.19103202593308,204.8695708343448,184.5477353311,184.07995095722526,240.1380009495752,190.94929717359267,282.5884231826443,156.6472434784054
Healthy,186.53000019027849,212.94241912418158,210.84914951274897,175.32878827401746,262.95751454428654,184.07589458789676,179.9098112909213,197.8693374785135,171.3842435522852,179.717971842006,177.6694119174312,172.84596870234333,221.3241200476658,164.60026145905465,206.1808235841343,,227.1140423895727,217.99162510238003,215.98187893376067,197.98609495167727,234.4614121660612,208.46899456657772,187.60152432414048,171.23933090173628,212.2295665717335,176.84418421859664,212.58962013185018,198.17746807708303,200.2408411803152,220.9544232237995,225.53384086758783,191.75887067775346,202.71012429996014,228.71422331793852,239.58129595282932,215.73214534849848,254.49764375027488,171.37555667204998,181.74384935790374,144.65742827841837,178.9938264502479,172.01862916325058,222.9042219220344,202.9729797051246,247.90892833130323,212.43277441188195,158.6715432103127,165.6017748260017,193.42224081186907,190.7317362755387
Healthy,206.8107127865622,164.9400200867643,191.4759352808617,227.88592407437608,203.8321607932192,201.91927723103066,224.5922932036567,184.5123353865423,,171.90384736794638,232.47065306202742,182.13758558630767,189.78562539246892,175.62234083102337,167.14645767095976,193.54437338993705,207.19177524813517,174.3944014437376,146.29193502296113,183.98130077153766,190.99682542598694,225.07414793352754,209.86232158551417,181.61416818093676,207.97207216656741,240.62095091793637,231.11475812790758,188.71430630698643,204.97404992102528,220.92363497961009,239.6112726358153,197.68118044939624,202.54918913004994,193.7527366091587,179.30520688343108,190.02978878033417,216.58888939150572,251.94786313867235,173.47436060394358,229.25220449716684,243.2586643050517,195.42350969236173,203.41143952023825,200.69704076095874,242.8685265668018,173.37654632097872,197.20531624036792,213.50680531106497,183.01473869555267,158.48863864041155
Healthy,177.52421286049562,167.52165538678747,209.24833204491523,230.14684389092088,207.19330375667707,171.45565566052983,213.17563952005432,193.469897531523,240.85061831388887,191.71629259812397,182.1080412159113,204.37483598635762,176.00804437886742,204.26135476247322,167.602230273574,188.05513501628027,204.1004856528431,209.047569435884,188.68469612857933,232.43623405565967,174.9348954115748,217.45823939775204,231.7233988133315,195.90072934317826,267.13384651053536,173.3501949751353,191.86185668428817,201.6176900826738,205.3901170928022,211.41144253671797,189.63114660336308,213.76290363951586,217.54162196726776,176.72199568750816,216.40308791072292,211.72814890785284,223.13631355955468,194.1943586720644,141.62289752400414,140.47681864134512,201.3462458794729,183.61898647230154,211.88194181537625,197.8356562108108,193.52888750689752,217.53255246528246,202.17978953109022,195.6446115057733,173.21510165441805,178.28213427647907
Healthy,205.5547838911169,210.5044562107691,243.22292779449015,217.6953658489487,183.92782743184858,223.14937086797065,236.590509339767,217.2731567765219,176.06752046457962,248.28604614334546,265.2448297175551,151.9710461394339,190.12171717222552,194.80545527746423,232.5053117663993,206.54443284701716,188.14860288791152,185.88827615761255,175.90407372511777,274.5358491095234,200.85140047304478,191.20615285471203,154.106949433336,211.63384587434646,171.35284884223563,216.4390940504168,186.15569556804394,238.32670305766476,180.7667541268301,196.6530295172459,224.88666722146053,222.72587581613254,211.58275394431953,211.8620631768955,192.18887693334688,175.13621052624842,198.14883706683315,192.55186408913377,,214.45563510223258,195.74149559869895,218.98408272015794,202.7591515747076,208.90142829942806,199.29174438768385,214.2012293726446,197.038350776247,186.50634939075258,214.72366637117864,195.03634857903387
Healthy,206.40240929361124,208.9933788436531,163.01149763543006,189.25789071675322,,205.41828192110145,168.95437195085862,166.8648114981647,213.14852877307337,225.44503904342073,170.08114027286763,211.35061577198735,158.96257662639903,178.25532490556773,165.8279354555431,207.7859292360442,193.66653167597872,190.879590260284,216.22847762142945,230.0396251516287,168.83362628129473,217.524091977278,193.1375109771291,186.3842274021733,228.8298111132658,186.4462954115334,197.95091215632652,199.26778043647695,213.06561588937342,189.4253632165224,188.3391803327541,250.31357060377707,192.32890619738797,141.7648467377278,180.74350620015,202.51548995084562,207.89301252328698,241.70988363163445,179.6453324040295,186.20140379466793,230.35683512894698,,190.35232784497404,172.78055235367256,211.54095756079283,157.27632759411495,199.46219467416518,199.81415286029835,,173.05913642250613
Healthy,190.65222467151494,232.07604894547842,188.36530309033483,191.01123243181152,182.7388018221711,172.38346326407452,214.93962915200382,178.99750273552462,155.28577982573546,177.298752005008,181.28322050595526,254.88440896989832,191.16202166185707,191.91056212915854,179.33269915338138,206.59784299433238,202.64749796949332,143.82879209561727,180.69160798161334,166.0226089729568,165.21362189644552,196.01645764358588,186.88540454563693,215.59398832855044,169.9477143175242,206.9827019794904,220.15521905598794,162.91954118781484,,229.57506066164444,204.1367036903199,167.87975234273418,167.3094622314308,198.5474398033867,215.51281711793536,215.27710408649503,209.84933199697576,191.9762173488788,186.88368425128849,152.4824497231147,200.4644034822559,195.70558842184334,197.4854073033242,233.02753035374937,191.5732584233706,194.13889707420552,169.20676945143242,211.86487356534906,188.2709800847651,264.6235954323215
Healthy,218.8334104707289,255.04712120057837,189.9029402415554,189.18313057043986,222.01310709899585,208.25582767725888,223.21441600925147,210.14156736625804,194.66122637940666,203.2095643844931,189.01743779001262,166.5937070276847,191.19098599814185,219.03193515616823,189.59490178537968,188.4809058168362,201.72439854147478,202.78672683031158,226.89550933879872,,177.8437340516088,165.92419567532397,203.71752077204715,232.2683758365894,234.24997155191699,151.92207544846138,212.99325163842377,201.33041428909303,152.40442025238383,218.8309568704173,238.6019398017431,215.94648277310853,241.96238593596513,211.01888392539652,194.62097893835454,210.23634424613203,176.6355775730763,182.12917631756747,206.34488989487556,194.6737404688891,246.43230051178205,194.7461367295915,200.0080314963664,205.90038969607153,221.212855405221,160.34134821700937,237.38564581727718,221.38423485512016,212.95564412501017,276.9887850107025
Healthy,191.471824310964,185.3249519922141,170.84462347986403,251.73615652304687,189.7861505299352,258.693431427801,215.35718554393966,208.50636634412135,208.05875098071903,173.05364735790573,,180.20358595907408,243.94064607128297,209.9135999239929,212.2722147222583,184.62054130565838,213.3884317383951,198.48766807071996,209.96380454243908,191.50580770904244,199.49603744277607,168.89264854281214,179.93183758368158,157.69028765389095,190.8007165532039,171.22205395072035,195.6952860731206,203.36759951636932,209.2746402647959,151.714273728266,180.24530117972904,210.9826220588503,209.19988930696545,209.96668456518788,227.0434114421348,173.80599092271274,176.10994686204833,186.54580720574887,189.67341989142994,226.0424638976934,192.14257423779645,211.50884336475266,177.19965776932963,223.82909990945706,175.4036731359769,184.3849265114003,187.74192735831383,235.76650579767536,225.97696855731857,201.29168819199302
Healthy,166.091312039659,208.92163611167217,218.3750370772421,229.51300486597566,223.2192555984044,171.29829176965754,,219.98790083367118,214.96184024476858,203.34205923355302,199.66167415908464,180.11112080362562,145.90245844210935,211.26446323868606,235.1911952359822,216.72772482626593,202.16044980560855,184.8296867175204,219.93966472417713,185.30616505201587,262.44919587478273,209.66333296637325,195.42786813884157,228.29841836814998,212.33899702467323,166.33912869294284,195.5600418958655,207.57210054299964,210.03940434062085,180.75346218801613,217.05750555202695,149.65453820182245,206.14442091427148,216.63489779622859,257.85309520111,210.8838345534552,171.62113147829177,207.85934799111868,168.36284962539287,218.95844510338372,217.41587659750797,,163.2128737502278,277.00651878203576,191.55337856905174,203.9564562167184,208.12445755870453,196.336303868007,207.2162313206771,216.9217173503352
Healthy,238.66846331893063,175.88710341037088,183.03688066009394,206.12149534580163,238.15313151630892,155.51650898221513,209.1686696392767,,243.56534099905446,231.0570479666032,187.32838304686362,233.06683826757134,176.63111561113195,228.29189173832762,,191.50612714185505,208.9343164056183,194.0312259500506,191.66415621878753,220.86372982155066,218.915081388618,199.84138370624473,209.67240687429205,257.25818381684513,218.3252333696482,183.6481603689774,205.13005457413263,129.31155781338856,215.910449082846,189.33843296899562,158.42572540404768,221.05029678400805,212.23931416613513,210.29229496858338,234.55349230100038,207.71935195898837,215.80815588810484,191.50910701458642,228.22305514409288,188.62425497529162,205.30358055397636,203.07752047938868,210.87975787446766,198.8130685159499,228.99530227192912,199.78623395678483,187.39943845722138,193.6352791736597,203.30611584410423,206.9194770000803
Healthy,176.99670375207197,197.92850269822196,226.6730093270239,189.7600683940783,231.17692713161702,196.01204840187302,204.13737425722732,218.0177174650157,266.061871436166,193.85360967804078,189.4501593335321,250.4980699979643,182.83239721869742,222.44249325279986,205.1941959599544,185.29300023347815,192.33635662929402,146.9758597353578,208.5919704587324,149.2598161857801,231.48129397993716,218.7297283274171,194.50788410929803,230.6164492543623,230.22479400861798,192.53716293418123,175.22576220997968,209.65645068749635,237.90093994833256,211.41839625762438,199.04267037229963,197.49163333837777,197.31127079196588,149.42047524428114,233.7367811203666,269.8698831816051,171.80898028234918,190.42550023853016,184.4840504340252,165.52961359511318,204.1794449361522,211.21360360079606,,194.76573478925255,270.3363361977367,201.52463694622494,202.59541803847367,173.64584024256146,194.39427679747214,190.47266253072462
Healthy,176.22446090720945,222.0299558553333,182.98135095513243,191.52251503146948,223.0448439331238,195.89829020201984,222.16111523131264,181.91692163949975,159.53874855962306,205.94268484812383,227.0258247700766,230.852685906582,198.8369234984909,182.5141349801908,219.4477030895705,,206.4653108570789,189.2391371378932,238.7835368891323,198.1682251347677,206.87790533493637,171.33375676969067,225.71044003726138,204.55141828884547,204.24234673689446,271.2446576646626,210.45116780093153,255.90817135602893,143.71547986130946,213.6712606835639,215.57197693174018,172.43222250379182,208.1700159828478,179.56989081087727,195.31240488781307,189.37345327129967,186.4144554024244,182.74553669013267,152.0243172591864,198.0200471587664,212.24829591620357,213.60704699874074,138.6611056136377,169.0852264573108,222.880270233189,167.29064426939667,226.56739292309476,231.067148163944,232.68944318727893,145.98272764939088
Healthy,223.81642594204948,206.80954615125916,184.63814256770394,208.70035048403994,197.3650698147437,144.12333558069685,157.6979180712323,174.41924671379854,223.52161533209758,219.20753015548576,195.5993549694627,165.80671390303905,170.21792861513666,173.77236348769247,251.35114570509788,176.38388931210838,172.22978505760025,211.42353041931807,225.82880740495577,189.89603008809863,233.76267536567974,197.43803875837446,191.19427516732915,,217.17782514991382,167.38300218329348,154.41595966519571,198.43687911217924,175.32678009054953,181.85358552864588,225.01574966707042,211.90424087702655,225.98176941361578,203.6360262787242,133.54686963410774,193.67004890785324,221.20905825969925,229.765605241871,217.87991775867408,213.73396041040743,219.91010260432847,248.14229922987215,200.27671779515788,198.94782203168987,216.4795010355008,175.8611167444154,226.30059157037405,181.90399334210673,203.73862882267267,138.48933027476863
