<?xml version="1.0" encoding="iso-8859-1"?>
<method>
<submethods>
<submethod program="HyStar_LC" revision="0">
<name>Separation_method_MSMS_1.6min.m</name>
<files>
<file name="hystar.method"/>
</files>
</submethod>
<submethod program="microTOFQImpactControl" revision="0">
<name>TUNE_wide_POS_APCI_SpiderMass.m</name>
<files>
<file name="microTOFQImpactAcquisition.method"/>
</files>
</submethod>
</submethods>
<locked>false</locked>
<readonly>true</readonly>
<comment></comment>
</method>
